-0.244666195217 0.387311009326 -0.450560151847 -0.257624556123 0.537514867297 0.201780191263 -0.124492824426 -0.533452523997 -0.418884158519 0.213401578425 -0.471591777287 -0.590016797796 0.413433419407 0.079961314326 1.257063852094
-0.196997939024 0.467015213316 -0.841676394137 -0.257213179587 0.526870499409 0.296036840240 -0.161362446530 -0.414461860749 -0.191855732315 0.255464829306 -0.367513513496 -0.488818169762 0.360211579969 -0.212424559151 1.225902079437
-0.233507606658 0.444595192064 -0.807069342985 -0.218543785135 0.303081663431 0.367256403160 -0.075230484153 -0.165939010501 0.137862561870 0.136422743991 -0.171184061344 -0.308943779080 0.390756287821 -0.410913738120 0.610482780498
-0.328329898373 0.333832059551 -0.397698266878 -0.149843903502 -0.056101475196 0.398161065482 0.057387026873 0.127269616049 0.464289843760 -0.067774284425 0.068442771297 -0.087417514054 0.488149682890 -0.473905770306 -0.377437972444
-0.393584501511 0.175914891517 0.123361538950 -0.069265524371 -0.398932396488 0.377437972444 0.103821153456 0.346276199787 0.659899386972 -0.221680531227 0.282409992461 0.129892141471 0.580298027116 -0.405822953478 -1.290539617770
-0.365405208745 0.014603867054 0.512318054422 0.002519681287 -0.546410884903 0.300767670412 -0.034709895286 0.406748550686 0.647609512938 -0.204042762215 0.411325114657 0.312131947239 0.601278230489 -0.286420913694 -1.772775762944
-0.233044808054 -0.115236852350 0.645038409583 0.054507391116 -0.409371076107 0.173960852967 -0.325398840549 0.318971082162 0.456525111629 -0.001902616482 0.438167433678 0.450971528384 0.505890296036 -0.232684853584 -1.726701590831
-0.020517404769 -0.190467336503 0.490206565574 0.088651643664 -0.068802725767 0.017689191079 -0.626937841967 0.166247542904 0.189953115832 0.279376090503 0.388082340332 0.548364923453 0.279376090503 -0.295316931301 -1.246162373871
0.227851179278 -0.202705788471 0.095027979983 0.111842995922 0.290071880457 -0.134571549576 -0.799613143257 0.034761317353 -0.048439587199 0.501005199663 0.302053222089 0.600404055348 -0.041034809538 -0.424334897631 -0.512369476490
0.449994509109 -0.166658919440 -0.381088939208 0.127372460183 0.502804972011 -0.248008629577 -0.768914169204 -0.023808417063 -0.192164264717 0.570219301966 0.213864377029 0.598295750598 -0.378672102054 -0.526047746336 0.222914660837
0.580040916781 -0.123207272749 -0.675326007099 0.135754257119 0.485424313334 -0.295779729904 -0.527898940751 0.006222070118 -0.213607266694 0.459764701856 0.141667794834 0.534789497741 -0.647609512938 -0.510055483470 0.649820661822
0.580760825720 -0.110917398714 -0.585748766228 0.136834120528 0.236644352750 -0.268166079877 -0.129377920800 0.104541062395 -0.127732414653 0.201420236793 0.089011598134 0.410605205717 -0.789740106376 -0.319125348364 0.570990632973
0.467426589852 -0.128195213257 -0.164807725025 0.131846180020 -0.157814323901 -0.178640261072 0.311771992770 0.208516482052 -0.004730830172 -0.119659150120 0.042371783283 0.234947424536 -0.791437034590 0.035069849756 0.113231391733
0.291820230738 -0.140125132822 0.333317838880 0.121561766602 -0.516328975656 -0.068545615432 0.647918045340 0.226205673131 0.046228438314 -0.382991555690 -0.024528326002 0.021905800581 -0.678514175259 0.454468228946 -0.333060728545
0.109837535305 -0.117088046765 0.667047054298 0.104335374127 -0.627966283309 0.008227530734 0.779147160555 0.098113304009 -0.047102613455 -0.487635462219 -0.132051868288 -0.210624786803 -0.505890296036 0.778735784018 -0.417701450976
-0.036406823500 -0.051936287761 0.715280953229 0.075898971026 -0.409011121638 0.023397040526 0.713686869149 -0.143467567182 -0.250476888798 -0.417598606842 -0.270788605298 -0.437807479208 -0.335683253967 0.874895049477 -0.050290781614
-0.122538785877 0.044942886637 0.467735122255 0.035686914561 0.014295334651 -0.006222070118 0.536280737687 -0.395949916597 -0.452411346262 -0.244923305552 -0.398315331683 -0.624315316546 -0.204402716685 0.734667072522 0.614853656201
-0.148352663556 0.149175416629 0.015066665658 -0.010747212022 0.416313055165 -0.040366322666 0.338511467657 -0.559112135475 -0.549290520661 -0.073019335268 -0.464906908565 -0.731838858832 -0.106649367146 0.458324883977 1.306326192367
-0.149021150428 0.223788835978 -0.441561290106 -0.052604774634 0.623801095875 -0.050702158151 0.182702604372 -0.578549676835 -0.491337851050 0.017689191079 -0.438630232282 -0.734769916656 0.001079863409 0.169332866929 1.718011261493
-0.183525357446 0.231656412243 -0.659899386972 -0.081349710137 0.564974251123 -0.027870760363 0.099193167418 -0.445829321674 -0.284209764809 -0.005245050843 -0.316811355344 -0.628840458449 0.170721262740 -0.034195674615 1.600511838191
-0.280198843576 0.162339465805 -0.532475504722 -0.092199766293 0.256750380983 0.020825937172 0.082789528016 -0.196946516957 0.017534924878 -0.115031164081 -0.127423882250 -0.437344680605 0.404537401801 -0.094976557916 0.932024966015
-0.398829552354 0.043605912893 -0.177920352133 -0.088445955396 -0.192112842650 0.073584978006 0.082223885278 0.090399993945 0.319073926296 -0.224920121454 0.075179062086 -0.206253911100 0.629817477724 -0.017226392475 -0.008484641070
-0.468197920859 -0.078315808179 0.184913753257 -0.082840950083 -0.576595638286 0.101404316302 0.015169509792 0.318302595290 0.518025903870 -0.225177231789 0.229702373693 0.017586346945 0.760738060537 0.107009321615 -0.821930320374
-0.442641153515 -0.165939010501 0.394921475255 -0.091119902884 -0.679953993137 0.079909892259 -0.171544015814 0.421352417739 0.559009291341 -0.063351986655 0.301950377955 0.210161988199 0.768502792667 0.122538785877 -1.244002647053
-0.316759933277 -0.199414776177 0.387670963795 -0.116008183356 -0.439812939825 0.014038224316 -0.444543769997 0.403560382526 0.463055714150 0.204454138752 0.301076202815 0.370907369924 0.672446371342 -0.065357447272 -1.235569428050
-0.114774053746 -0.176172001852 0.174989294309 -0.141462106566 -0.006839134923 -0.061963590844 -0.700882774443 0.318611127693 0.299173586332 0.455599514422 0.262458230430 0.503679147151 0.501313732065 -0.398109643415 -0.915775592814
0.116316715759 -0.109631847037 -0.156528772223 -0.147632754617 0.390653443686 -0.109426158769 -0.837614050837 0.227182692406 0.138428204608 0.582097799464 0.219983603013 0.602203827697 0.286575179895 -0.727827937599 -0.474779945446
0.316348556741 -0.027305117625 -0.441921244576 -0.125366999567 0.589862531595 -0.105929458206 -0.796630663366 0.168612957990 0.028899201705 0.535200874278 0.192318530918 0.652957407915 0.070499653981 -0.923437480811 -0.134108750972
0.433950824177 0.041446186075 -0.505273231231 -0.076567457898 0.526253434604 -0.046742658985 -0.576029995548 0.156528772223 -0.009410238278 0.330798157593 0.181365630628 0.641233176618 -0.111997262123 -0.905542601463 -0.079961314326
0.453902586208 0.083663703156 -0.292231607275 -0.010130147217 0.219932180946 0.057284182739 -0.229959484029 0.173703742632 0.010027303083 0.042371783283 0.172161080619 0.558032272066 -0.256133316178 -0.649563551487 -0.332957884411
0.397081202073 0.106597945079 0.078624340581 0.060266662630 -0.216229792115 0.180337189286 0.139096691480 0.173343788162 0.035121271823 -0.215612727310 0.135651412985 0.400937857104 -0.380883250939 -0.199260509976 -0.695226347063
0.299584962869 0.123104428615 0.416313055165 0.120224792858 -0.567596776545 0.279376090503 0.420632508800 0.098216148143 -0.000668486872 -0.338357201455 0.044840042503 0.178434572804 -0.502085063071 0.301436157284 -0.873558075733
0.194889634273 0.140485087291 0.576852748621 0.161156758262 -0.614905078268 0.309098045281 0.558186538267 -0.071888049792 -0.126498285043 -0.297373813984 -0.100067342558 -0.088137422993 -0.616807694750 0.646118272992 -0.671726462403
0.107163587817 0.159305563846 0.502547861675 0.183319669178 -0.314600206460 0.250219778462 0.572944671522 -0.294082801690 -0.302361754492 -0.155757441217 -0.260709880149 -0.358566073822 -0.707464799031 0.709573103782 -0.092096922159
0.048336743065 0.174783606041 0.222863238770 0.190827290973 0.152826383393 0.124955623030 0.524710772591 -0.487789728420 -0.448503269163 -0.015735152530 -0.382734445354 -0.582920552538 -0.748139654099 0.542657074006 0.683347849565
0.011055744424 0.173240944028 -0.139868022486 0.186456415270 0.541680054731 -0.021083047507 0.465318285102 -0.585183123490 -0.497199966698 0.042731737752 -0.423049345953 -0.716875037308 -0.705562182548 0.293105782416 1.374666119530
-0.033167233273 0.132051868288 -0.398726708220 0.171595437881 0.690289828623 -0.144598852658 0.420272554330 -0.554484149437 -0.421918060477 -0.016352217335 -0.364068235001 -0.734615650455 -0.542502807805 0.096107843392 1.699705005609
-0.113591346203 0.033938564280 -0.413227731139 0.147787020818 0.544302580153 -0.217875298262 0.388339450667 -0.403971759063 -0.241015228453 -0.178331728670 -0.217361077591 -0.637170833318 -0.244357662814 0.042937426021 1.509340513240
-0.226411361399 -0.110146067708 -0.204402716685 0.117190890899 0.142593392042 -0.233559028725 0.341853902018 -0.178794527274 -0.012392718169 -0.370290305119 -0.025916721814 -0.456576533696 0.137811139802 0.171955392351 0.906519620738
-0.331209534130 -0.259578594673 0.072402270463 0.077544477172 -0.367770623831 -0.209544923394 0.235821599677 0.052090553963 0.187433434545 -0.468814985664 0.142284859639 -0.248420006114 0.486247066408 0.432716694566 0.198077802433
-0.383042977757 -0.367667779697 0.258704419532 0.020260294434 -0.737443864145 -0.190467336503 0.037640953110 0.225228653856 0.299842073205 -0.367359247294 0.226668471735 -0.061809324643 0.692346711306 0.652854563781 -0.306629786061
-0.359080294493 -0.404588823868 0.272691221781 -0.067517174090 -0.747008368623 -0.213967221163 -0.236798618952 0.315474381600 0.315577225734 -0.069368368505 0.215921259713 0.089577240872 0.732250235368 0.620047284977 -0.463724201022
-0.262766762832 -0.364428189470 0.113951300673 -0.180285767219 -0.397338312408 -0.268371768145 -0.519002923144 0.339077110395 0.268628878481 0.299996339406 0.148558351824 0.218698051336 0.661802003454 0.274079617592 -0.332700774075
-0.120070526656 -0.264052314510 -0.146398625007 -0.288683484646 0.093896694507 -0.298710787729 -0.723817016366 0.331209534130 0.205225469758 0.583486195276 0.078572918514 0.337225915979 0.548827722057 -0.239472566440 -0.097084862667
0.027459383826 -0.134828659911 -0.377180862109 -0.358257541419 0.484190183724 -0.259630016740 -0.787683223692 0.321696451718 0.160231161054 0.676148760173 0.043451646691 0.442075510777 0.443669594857 -0.715075264960 0.033115811206
0.138479626675 -0.005707849447 -0.439607251557 -0.368644798972 0.633005645884 -0.140896463828 -0.691575380300 0.326324437756 0.152672117192 0.548159235185 0.055947208994 0.520442741023 0.373324207077 -1.009518021120 -0.092302610427
0.194786790139 0.111380197318 -0.283695544138 -0.316965621546 0.500902355528 0.040469166800 -0.460381766661 0.336968805644 0.174012275034 0.243997708344 0.106752211280 0.555666856980 0.338768577992 -1.056054991837 -0.486041378139
0.204711249087 0.218080986531 0.009513082412 -0.215252772841 0.130200673873 0.251968128743 -0.170566996539 0.323290535798 0.192369952985 -0.117139468832 0.163059374744 0.531652751648 0.298093722924 -0.834631570946 -0.985658181990
0.189953115832 0.314137407856 0.293517158952 -0.089217286402 -0.335066189162 0.450251619444 0.079498515722 0.240089631245 0.159665518316 -0.369673240313 0.175400670846 0.436213395129 0.188873252423 -0.394150144249 -1.339956224244
0.168355847654 0.389676424412 0.448554691230 0.030081909248 -0.651157635567 0.587034317905 0.222606128435 0.063300564588 0.045354263174 -0.394767209054 0.106392256810 0.266366307529 -0.026430942485 0.091736967689 -1.347566690173
0.151335143447 0.431431142889 0.419758333660 0.124030025822 -0.604517820716 0.623029764868 0.264823645516 -0.180234345152 -0.130200673873 -0.211653228144 -0.032858700871 0.038977926855 -0.328689852842 0.386025457648 -0.951925305979
0.142387703774 0.430608389816 0.220137869214 0.195815231481 -0.206511021435 0.544765378757 0.263075295235 -0.418318515781 -0.302978819297 0.044737198369 -0.187793389014 -0.203888496014 -0.646169695059 0.381808848147 -0.258344465063
0.135651412985 0.382837289489 -0.064329005930 0.254847764500 0.311257772099 0.373169940876 0.274799526532 -0.576647060353 -0.405668687277 0.229702373693 -0.296859593313 -0.410502361583 -0.895001077710 0.179103059676 0.506867315311
0.114722631679 0.283592700004 -0.286266647493 0.301127624882 0.693580840916 0.153906246802 0.327918521836 -0.610534202565 -0.399652305427 0.258807263666 -0.320565166242 -0.537771977632 -1.002473197929 -0.046177016247 1.069527573415
0.062477811515 0.127783836720 -0.314188829923 0.328381320440 0.792156943529 -0.061346526039 0.416518743433 -0.515506222582 -0.285958115090 0.115339696484 -0.247802941309 -0.562505991903 -0.922666149804 -0.156580194291 1.223896618821
-0.020208872367 -0.075898971026 -0.138788159077 0.331158112063 0.567031133807 -0.229496685425 0.501725108602 -0.325913061219 -0.107317854018 -0.156271661888 -0.096159265459 -0.486452754676 -0.656402686410 -0.069059836103 0.962055453196
-0.109066204299 -0.293928535489 0.116985202631 0.307349695000 0.075898971026 -0.325913061219 0.519619987949 -0.107472120219 0.062889188052 -0.445366523071 0.084846410699 -0.342111012353 -0.272742643848 0.240501007782 0.487892572554
-0.171081217210 -0.477093938465 0.298402255326 0.256287582379 -0.498691206643 -0.361342865445 0.410399517449 0.069779745042 0.155037532278 -0.594387673499 0.221166310556 -0.184759487056 0.098781790881 0.684427712974 0.092302610427
-0.184810909123 -0.582457753934 0.309046623214 0.172263924753 -0.866873207011 -0.388802249271 0.165167679495 0.170618418606 0.147015689812 -0.489743766970 0.252430927347 -0.061243681905 0.336917383577 1.026230192925 -0.006324914252
-0.147067111879 -0.589965375729 0.135599990918 0.044531510100 -0.810977420084 -0.457964929508 -0.154728999875 0.208053683448 0.074510575214 -0.158791343175 0.176120579785 0.020877359239 0.416107366896 1.016305733976 0.228879620620
-0.076207503428 -0.509849795202 -0.156014551553 -0.119659150120 -0.385511236977 -0.550061851667 -0.451588593189 0.217463921726 -0.002776791623 0.241426604990 0.049673716809 0.080064158460 0.405720109344 0.628120549510 0.628686192248
-0.004782252239 -0.379134900658 -0.422380859081 -0.289249127384 0.143261878914 -0.589039778521 -0.637633631922 0.235101690738 -0.036715355903 0.540908723725 -0.064174739729 0.140587931425 0.390653443686 0.064843226601 0.907445217946
0.029156312040 -0.239061189904 -0.504347634023 -0.421506683941 0.528773115891 -0.518385858339 -0.664527373010 0.278193382960 -0.005605005313 0.633571288622 -0.120790435596 0.207282352442 0.423100768020 -0.447217717486 0.821107567301
0.012032763699 -0.101969959040 -0.338151513187 -0.486607020877 0.647712357072 -0.332083709270 -0.530212933770 0.344476427439 0.085000676901 0.492829090995 -0.105775192005 0.273976773458 0.511906677886 -0.784289367264 0.311360616233
-0.036201135232 0.046331282449 -0.015015243590 -0.472003153824 0.477145360533 -0.059958130228 -0.285341050285 0.407365615491 0.201368814726 0.168921490392 -0.032138791932 0.326015905354 0.624521004814 -0.898652044473 -0.452257080061
-0.079652781923 0.216229792115 0.294494178227 -0.383917152898 0.073790666275 0.249037070919 -0.030287597516 0.416107366896 0.283438433803 -0.204556982886 0.059495331624 0.343550830232 0.698311671089 -0.765520312776 -1.170417669046
-0.092456876629 0.393790189779 0.455445248220 -0.250476888798 -0.402120564648 0.535355140479 0.127578148451 0.317171309814 0.271354248036 -0.442949685917 0.110506022177 0.306372675725 0.658716679429 -0.419449801257 -1.568784422796
-0.067517174090 0.548364923453 0.414204750414 -0.112048684190 -0.695226347063 0.743408823927 0.145215917464 0.100375874961 0.149792481435 -0.421866638410 0.080629801198 0.206613865570 0.456113735093 -0.034092830481 -1.514225609613
-0.010335835485 0.647198136401 0.191804310247 0.004730830172 -0.605237729655 0.835197213684 0.070756764317 -0.179822968615 -0.033270077408 -0.175143560510 -0.015632308396 0.060523772965 0.109940379439 0.153649136466 -1.054358063623
0.059649597825 0.667098476365 -0.120173370790 0.104232529992 -0.170207042069 0.798173325378 -0.006736290789 -0.431842519426 -0.198386334835 0.138171094272 -0.123155850682 -0.094102382776 -0.295316931301 0.057695559276 -0.385665503179
0.113848456538 0.597010198920 -0.367050714892 0.199466198244 0.365405208745 0.645089831650 -0.018820476555 -0.579115319573 -0.281330129052 0.357949009017 -0.185787928398 -0.217206811390 -0.652648875512 -0.197717847963 0.220189291281
0.127115349848 0.437036148202 -0.398829552354 0.290328990793 0.751430666393 0.413176309072 0.060060974362 -0.586520097234 -0.255156296903 0.395847072463 -0.174372229504 -0.280198843576 -0.872889588861 -0.428140130595 0.520854117559
0.097547661271 0.201163126458 -0.185736506331 0.364428189470 0.845173094699 0.153392026131 0.209904877863 -0.461461630070 -0.133337419966 0.239009767837 -0.086029118242 -0.273359708653 -0.911044762642 -0.498896894912 0.438681654349
0.048850963736 -0.077338788904 0.145627294000 0.408445478900 0.608374475747 -0.082480995613 0.373221362943 -0.253922167293 0.030287597516 -0.054764501451 0.057027072403 -0.204968359423 -0.775856148261 -0.334294858155 0.111174509050
0.012289874035 -0.346121933586 0.413124887005 0.413330575273 0.101455738370 -0.256287582379 0.464804064431 -0.042268939148 0.155551752949 -0.360108735835 0.206099644899 -0.104181107925 -0.530315777904 0.080732645332 -0.208362215851
0.008124686600 -0.552324422619 0.488612481494 0.377232284176 -0.485218625066 -0.364633877739 0.415438880024 0.101815692839 0.175709203248 -0.518694390742 0.295471197502 -0.013164049175 -0.281792927656 0.639587670471 -0.286266647493
0.042063250880 -0.657328283618 0.329975404520 0.298865053930 -0.857000170130 -0.454159696543 0.223017504971 0.156425928089 0.084280767961 -0.434053668311 0.280044577375 0.034555629085 -0.129994985605 1.078012214485 0.005193628776
0.103923997590 -0.649100752883 -0.019848917897 0.175760625315 -0.805526680972 -0.576801326554 -0.041086231605 0.151026611045 -0.063454830790 -0.150049591770 0.165424789830 0.037640953110 -0.088600221597 1.138021766779 0.622207011795
0.165321945696 -0.556900986590 -0.418729892318 0.011775653364 -0.397646844811 -0.716566504906 -0.279016136033 0.134005906838 -0.192421375053 0.183782467781 0.007096245258 0.018049145549 -0.082069619076 0.813239991036 1.309462938459
0.182599760238 -0.441252757703 -0.648843642548 -0.167893049050 0.103821153456 -0.794059560011 -0.414410438682 0.141410684499 -0.247648675108 0.416930119970 -0.131897602087 0.000771331006 -0.017380658677 0.327764255635 1.689626280459
0.121098967998 -0.344784959842 -0.550113273734 -0.326375859823 0.465009752699 -0.744488687336 -0.411068004321 0.188410453820 -0.207539462777 0.460895987332 -0.208670748253 0.001696928214 0.155397486747 -0.100067342558 1.500187385298
-0.010798634089 -0.250733999133 -0.171184061344 -0.432408162164 0.573561736327 -0.556181077651 -0.276650720947 0.267240482669 -0.084383612095 0.300304871808 -0.208567904119 0.024374059801 0.419346957123 -0.381551737811 0.787271847155
-0.162442309939 -0.114825475813 0.268320346078 -0.467118057450 0.413279153206 -0.259270062270 -0.067208641687 0.344322161238 0.075796126891 -0.004885096374 -0.145730138134 0.059032533020 0.701551261315 -0.497097122564 -0.143930365786
-0.278707603630 0.080115580527 0.555821123181 -0.429117149870 0.045765639711 0.092405454562 0.120841857663 0.364736721873 0.202962898806 -0.318816815961 -0.063557674924 0.083200904552 0.905594023530 -0.427008845119 -0.934441803168
-0.325913061219 0.311926258971 0.584926013154 -0.339539908998 -0.373272785010 0.432665272499 0.196380874219 0.279324668435 0.237004307220 -0.474728523379 -0.017432080744 0.071836627725 0.942823600104 -0.199928996848 -1.326586486800
-0.295214087166 0.536846380425 0.350904185825 -0.235050268671 -0.617167649220 0.700471397907 0.134263017173 0.086646183047 0.169538555197 -0.382580179153 -0.035686914561 0.017432080744 0.778375829549 0.029259156174 -1.238551907941
-0.202294411934 0.706179247354 -0.061397948106 -0.140690775560 -0.523270954713 0.857154436331 -0.007147667326 -0.155037532278 0.049159496138 -0.102844134181 -0.094462337245 -0.058055513745 0.452874144866 0.066540154815 -0.787271847155
-0.087263247853 0.778581517817 -0.472980173098 -0.051627755359 -0.137296919132 0.889550338598 -0.138016828071 -0.362165618518 -0.055124455921 0.208670748253 -0.141822061036 -0.117602267436 0.068339927163 -0.137811139802 -0.243997708344
-0.001182707543 0.730964683691 -0.655014290599 0.047256879656 0.331518066532 0.802235668679 -0.191084401308 -0.469997693207 -0.093228207635 0.409473920241 -0.135857101253 -0.132668933093 -0.264566535181 -0.456833644032 0.078367230246
0.030596129919 0.563637277379 -0.481156281766 0.158431388706 0.669155359048 0.619738752574 -0.142079171371 -0.453594053805 -0.049570872675 0.426597468583 -0.062889188052 -0.093845272440 -0.473288705501 -0.716566504906 0.004627986038
0.028744935504 0.304161526840 -0.051216378822 0.267857547474 0.749733738179 0.382734445354 -0.012855516773 -0.328381320440 0.056667117934 0.261686899423 0.065974512077 -0.010850056156 -0.545536709763 -0.791539878724 -0.377489394511
0.032601590535 0.003753810898 0.395898494530 0.356303502870 0.538389042437 0.138479626675 0.136062789521 -0.146655735342 0.174269385370 -0.013112627108 0.218492363067 0.093691006239 -0.512009522020 -0.614030903127 -0.802492779014
0.066231622413 -0.277833428490 0.658613835295 0.406851394820 0.096879174398 -0.073430711805 0.225177231789 0.020825937172 0.237158573421 -0.267394748870 0.344373583305 0.187999077283 -0.430916922218 -0.184399532586 -1.010546462462
0.133388842033 -0.487943994622 0.640564689746 0.408496900967 -0.396566981402 -0.239626832642 0.201625925062 0.119916260455 0.198797711372 -0.363862546732 0.390653443686 0.241683715325 -0.380317608201 0.374095538083 -0.839722355588
0.224405900783 -0.588525557851 0.335734676034 0.360005891700 -0.691986756837 -0.389162203741 0.079652781923 0.140125132822 0.065151759004 -0.250682577066 0.332237975472 0.234793158335 -0.413690529743 0.808714849132 -0.245283260022
0.319176770431 -0.573407470126 -0.166710341507 0.265389288254 -0.636399502312 -0.556643876254 -0.073996354543 0.114054144807 -0.109374736701 0.000051422067 0.189644583430 0.171955392351 -0.510775392410 0.906108244201 0.660413607643
0.383660042562 -0.487532618085 -0.649460707353 0.134417283375 -0.303801572371 -0.725205412177 -0.183936733983 0.087108981651 -0.256956069251 0.250168356395 0.014346756718 0.077338788904 -0.584411792483 0.689724185885 1.553872023340
0.371678700930 -0.411427958791 -0.821673210039 -0.013061205041 0.088291689194 -0.830157851109 -0.200340373385 0.088086000926 -0.327815677702 0.379700543396 -0.138016828071 -0.022162910916 -0.537874821766 0.372655720205 2.001861071832
0.255567673440 -0.384379951501 -0.548570611721 -0.151592253783 0.354503730522 -0.815039763384 -0.112151528324 0.126601129177 -0.304058682706 0.328021365970 -0.229599529559 -0.101867114906 -0.319896679370 0.132771777228 1.769381906516
0.059443909557 -0.361188599244 0.000051422067 -0.258138776794 0.409268231973 -0.665504392285 0.052039131896 0.188204765551 -0.203065742940 0.101507160437 -0.247185876504 -0.146295780872 0.045045730771 0.010798634089 1.014711649896
-0.154060513003 -0.274131039659 0.513346495764 -0.317222731881 0.251659596341 -0.405977219679 0.227079848272 0.236387242415 -0.073327867671 -0.221731953294 -0.206356755234 -0.157557213565 0.465729661638 -0.007661887996 0.123361538950
-0.323753334402 -0.100273030826 0.769736922277 -0.326478703957 -0.046845503119 -0.084897832766 0.331620910667 0.224920121454 0.025351079076 -0.497559921167 -0.151232299313 -0.158071434236 0.816016782659 0.073225023537 -0.552118734350
-0.411530802925 0.137965406004 0.688747166610 -0.300819092479 -0.342368122688 0.236541508616 0.311926258971 0.127886680854 0.056512851732 -0.576904170688 -0.132000446221 -0.177097599060 0.977122118853 0.208413637918 -0.804909616167
-0.403560382526 0.394355832517 0.295831151972 -0.264772223449 -0.465832505773 0.504039101621 0.177920352133 -0.035018427689 0.030904662321 -0.408805433369 -0.164653458824 -0.221783375361 0.898909154809 0.270840027366 -0.609248650888
-0.317788374619 0.611305533572 -0.274799526532 -0.230885081236 -0.333574949216 0.684273446773 -0.005450739112 -0.205688268362 -0.006890556990 -0.082480995613 -0.214584285969 -0.264720801382 0.636553768513 0.142387703774 -0.138068250138
-0.210676208870 0.731581748496 -0.758835444054 -0.189644583430 -0.015683730463 0.764594715568 -0.161362446530 -0.321387919316 -0.011672809230 0.243432065606 -0.229342419224 -0.265954930992 0.318199751156 -0.165373367763 0.271559936305
-0.148404085623 0.719240452395 -0.864302103657 -0.124184292024 0.325244574347 0.745722816946 -0.236952885153 -0.343345141963 0.038926504787 0.438218855745 -0.174937872242 -0.200700327854 0.071219562920 -0.526459122872 0.280147421509
-0.143056190646 0.577007014822 -0.516843196326 -0.029259156174 0.539623172048 0.641850241423 -0.219520804409 -0.267497593005 0.138942425278 0.442538309381 -0.048285320998 -0.071630939457 -0.050856424352 -0.800950117001 -0.192575641254
-0.144033209920 0.344219317104 0.060986571569 0.085360631370 0.542708496073 0.479613619753 -0.137965406004 -0.124338558225 0.256236160312 0.271097137701 0.127783836720 0.098267570210 -0.073996354543 -0.890064559269 -0.894435434972
-0.099553121887 0.077853009575 0.565334205593 0.198900555506 0.323547646133 0.292797250013 -0.054815923518 0.030647551986 0.341853902018 0.008844595540 0.311309194166 0.270428650829 -0.053427527707 -0.743305979793 -1.470362586385
0.002519681287 -0.166350387038 0.805115304436 0.288786328780 -0.038258017915 0.110351755976 -0.031933103663 0.140330821090 0.349567212081 -0.207230930375 0.447577671956 0.409782452644 -0.052450508432 -0.383351510160 -1.674919569271
0.147324222214 -0.343447986097 0.712915538142 0.335477565698 -0.376409531102 -0.058518312349 -0.090914214616 0.175349248779 0.261378367021 -0.254436387964 0.489383812500 0.486144222273 -0.137759717735 0.055021611787 -1.401971237155
0.308326714275 -0.421609528075 0.303698728236 0.329512605916 -0.508667087659 -0.227954023412 -0.194066881199 0.146810001543 0.099964498424 -0.107832074689 0.422329437014 0.485115780932 -0.336300318772 0.361188599244 -0.660773562113
0.450971528384 -0.398315331683 -0.300099183540 0.277010675416 -0.374044116016 -0.409885296778 -0.273462552787 0.092559720763 -0.082172463211 0.142182015505 0.271611358372 0.408342634766 -0.596804510652 0.408188368564 0.383454354294
0.532424082655 -0.326478703957 -0.816788113665 0.193038439858 -0.081041177735 -0.579166741640 -0.270274384628 0.050753580218 -0.229959484029 0.360057313768 0.087057559584 0.272485533512 -0.815348295787 0.269657319822 1.353120273419
0.513037963362 -0.292283029342 -0.910581964038 0.096879174398 0.193449816394 -0.685970374987 -0.159408407980 0.044171555631 -0.305241390249 0.439658673624 -0.081658242540 0.105723769938 -0.890218825470 0.136114211589 1.795812849001
0.382374490885 -0.325450262616 -0.496891434295 0.005964959782 0.323136269597 -0.690392672757 0.044685776302 0.074047776610 -0.298607943594 0.334346280222 -0.198900555506 -0.058775422684 -0.767422929258 0.127063927781 1.544410362995
0.175709203248 -0.364119657068 0.155088954345 -0.065614557607 0.266674839931 -0.584926013154 0.288683484646 0.117550845369 -0.234638892134 0.060472350898 -0.249037070919 -0.190981557174 -0.459147637051 0.228982464754 0.855251819849
-0.046742658985 -0.334089169887 0.692346711306 -0.111225931117 0.057798403410 -0.391064820223 0.492829090995 0.133080309630 -0.162390887872 -0.297065281582 -0.242249358063 -0.277782006423 -0.037743797244 0.385151282508 0.138685314943
-0.231245035706 -0.209956299930 0.907702328281 -0.134468705442 -0.203117165007 -0.151643675850 0.581480734659 0.083098060418 -0.127783836720 -0.595313270706 -0.214687130103 -0.330798157593 0.379443433061 0.544302580153 -0.297579502253
-0.341288259280 -0.008587485204 0.741609051579 -0.149843903502 -0.374764024955 0.083200904552 0.523270954713 -0.036663933836 -0.141050730029 -0.693786529185 -0.210881897138 -0.377952193115 0.661750581387 0.630743074932 -0.305549922652
-0.360365846170 0.229753795760 0.237415683757 -0.172829567491 -0.350544231356 0.274182461726 0.347716017666 -0.187433434545 -0.170721262740 -0.544559690488 -0.245848902760 -0.432253895963 0.730039086484 0.553918506699 0.091017058750
-0.306886896396 0.445572211339 -0.429425682273 -0.203168587074 -0.137811139802 0.405308732807 0.124749934762 -0.308738090811 -0.169589977264 -0.226771315869 -0.290380412860 -0.471437511086 0.612128286645 0.291203165933 0.664835905413
-0.247288720638 0.570424990235 -0.925700051763 -0.223943102179 0.149483949032 0.473957192373 -0.072248004262 -0.350904185825 -0.105980880273 0.113745612404 -0.296345372642 -0.455908046824 0.429579948474 -0.072762224933 1.013477520286
-0.251299641871 0.561426128494 -0.936395841718 -0.215715571445 0.375689622163 0.483675963053 -0.194221147401 -0.293774269288 0.022625709520 0.350184276886 -0.232530587383 -0.360160157902 0.310640707294 -0.410810893986 0.790048638778
-0.309817954220 0.431945363560 -0.466809525047 -0.169641399331 0.448091892626 0.442486887314 -0.229188153022 -0.151232299313 0.190107382034 0.417752873043 -0.096004999258 -0.186816369740 0.290894633531 -0.633108490018 0.020723093037
-0.344836381909 0.237878482361 0.168818646258 -0.089680085006 0.334757656759 0.365045254275 -0.207590884844 0.033835720146 0.351726938899 0.319485302833 0.090502838079 0.035481226292 0.322519204791 -0.697077541479 -0.921226331926
-0.296808171246 0.037383842775 0.655014290599 0.008587485204 0.070859608451 0.268423190212 -0.186404993203 0.200854594055 0.456885066099 0.121098967998 0.286060959224 0.266983372334 0.353372445046 -0.595210426572 -1.647203075109
-0.158945609377 -0.126703973311 0.833654551671 0.102124225242 -0.234536048000 0.165373367763 -0.217978142397 0.297990878789 0.469432050469 -0.065203181071 0.440327160496 0.467889388456 0.340002707602 -0.376923751773 -1.936297936292
0.043143114289 -0.225125809722 0.664167418541 0.167173140111 -0.425980403778 0.055998631062 -0.310435019025 0.306526941926 0.384174263233 -0.130612050410 0.510672548276 0.608117365412 0.230576548834 -0.165784744300 -1.712457678247
0.268937410883 -0.240912384319 0.182702604372 0.191650044046 -0.394047300114 -0.067722862358 -0.419346957123 0.245283260022 0.228211133748 -0.036972466238 0.480693483162 0.668641138378 -0.004216609501 -0.090605682213 -1.011986280341
0.466038194041 -0.185530818062 -0.452719878665 0.180954254091 -0.163625017482 -0.201934457464 -0.478430912210 0.153700558533 0.047154035522 0.158842765242 0.366227961818 0.640153313209 -0.327558567366 -0.170721262740 -0.032601590535
0.578652520969 -0.116830936430 -0.916752612089 0.151129455179 0.126395440908 -0.321747873785 -0.435236375854 0.071168140853 -0.112305794526 0.349155835544 0.203888496014 0.525070727061 -0.643804279973 -0.284518297212 0.826198351943
0.573458892193 -0.107883496756 -0.886979235244 0.116882358497 0.327712833568 -0.393687345645 -0.271868468707 0.021905800581 -0.215509883176 0.436881882001 0.034915583554 0.341596791682 -0.855663196386 -0.276856409215 1.154476828248
0.460176078393 -0.167944471118 -0.366125117684 0.088445955396 0.356663457340 -0.394561520785 -0.010592945821 0.009564504479 -0.252688037683 0.368901909307 -0.107729230555 0.122641630011 -0.907085263476 -0.090759948415 0.890373091672
0.282204304193 -0.233816139060 0.313571765118 0.070756764317 0.207076664173 -0.323547646133 0.290020458390 0.014398178785 -0.242815000801 0.147529910483 -0.203837073947 -0.092456876629 -0.790768547717 0.215972681780 0.345144914311
0.089937195341 -0.242969267003 0.812468660030 0.062837765985 -0.054404546982 -0.200340373385 0.551398825411 0.001285551677 -0.224045946313 -0.166247542904 -0.250939687402 -0.272228423177 -0.537977665901 0.546925105574 -0.115802495088
-0.075230484153 -0.173960852967 0.958353064365 0.056410007598 -0.298967898064 -0.060215240563 0.703556721932 -0.058775422684 -0.229239575089 -0.465318285102 -0.264926489650 -0.405360154874 -0.219726492678 0.796527819232 -0.262972451101
-0.183062558842 -0.035584070427 0.712144207136 0.037795219312 -0.388853671338 0.056718540001 0.713584025015 -0.165424789830 -0.261841165625 -0.635628171305 -0.271302825969 -0.500645245193 0.067157219620 0.860959669296 -0.006427758386
-0.218235252732 0.142233437572 0.136474166058 -0.003033901958 -0.267549015072 0.128143791189 0.595159004505 -0.284466875145 -0.293568581020 -0.617064805086 -0.285392472352 -0.569447970960 0.243123533204 0.695072080862 0.598244328531
-0.200186107183 0.304110104773 -0.551193137143 -0.061655058441 -0.006582024588 0.153957668869 0.395589962127 -0.367204981093 -0.285598160621 -0.434362200713 -0.298299411192 -0.606163326863 0.300561982144 0.367924890032 1.288945533690
-0.195815231481 0.377026595907 -0.977019274719 -0.121098967998 0.253099414219 0.148815462160 0.173498054363 -0.374712602888 -0.212887357755 -0.174269385370 -0.285032517883 -0.587805648911 0.317634108418 0.029516266510 1.628896819225
-0.265543554455 0.319125348364 -0.863016551980 -0.163265063012 0.392658904303 0.127938102921 -0.021957222648 -0.292900094147 -0.076670302032 0.067362907889 -0.224765855252 -0.494577441276 0.383248666025 -0.194221147401 1.306120504098
-0.382528757086 0.162853686476 -0.317171309814 -0.176840488724 0.357280522145 0.102227069376 -0.164602036757 -0.135754257119 0.097496239204 0.225897140728 -0.114259833075 -0.327301457031 0.497868453570 -0.270068696359 0.444646614131
-0.460330344594 -0.016197951134 0.298659365662 -0.160128316920 0.159099875578 0.078058697843 -0.255516251373 0.059392487490 0.270788605298 0.279581778771 0.031830259529 -0.107472120219 0.596033179646 -0.234433203866 -0.540497347188
-0.439607251557 -0.156683038425 0.699751488967 -0.121561766602 -0.124544246493 0.057901247544 -0.317428420150 0.244049130411 0.405103044539 0.246106013095 0.187176324209 0.134057328905 0.632337159012 -0.149998169703 -1.296710265821
-0.312954700313 -0.228313977882 0.771485272558 -0.077955853709 -0.363708280531 0.038052329647 -0.377386550377 0.374249804285 0.472723062763 0.169949931734 0.319639569034 0.364376767403 0.597935796128 -0.101918536973 -1.646431744103
-0.104078263791 -0.220137869214 0.503062082346 -0.045714217643 -0.433333759371 0.011467120961 -0.446343542345 0.425826137576 0.462747181747 0.105929458206 0.402069142580 0.556078233516 0.489898033171 -0.174320807437 -1.533354618571
0.143261878914 -0.138068250138 -0.035944024896 -0.029516266510 -0.295831151972 -0.023037086057 -0.509901217269 0.400115104031 0.381654581946 0.093691006239 0.419604067458 0.685970374987 0.302310332425 -0.385356970776 -1.008541001846
0.365662319080 -0.018151989683 -0.636708034714 -0.019951762031 -0.031778837462 -0.055792942793 -0.535200874278 0.317839796686 0.249962668127 0.139353801815 0.373015674674 0.734101429784 0.049879405078 -0.640770378014 -0.291614542470
0.499359693516 0.075590438623 -0.955370584474 -0.004062343300 0.222657550502 -0.071013874652 -0.489126702165 0.208002261381 0.097856193673 0.214687130103 0.276290766477 0.687821569402 -0.221012044355 -0.782592439050 0.240809540185
0.516997462528 0.094976557916 -0.753744659412 0.025659611478 0.357331944212 -0.057695559276 -0.355583593931 0.096159265459 -0.044582932167 0.272279845244 0.150358124173 0.549136254459 -0.459610435655 -0.698877313827 0.306886896396
0.441149913569 0.054250280780 -0.156220239821 0.068237083029 0.324833197811 -0.014449600852 -0.144598852658 -0.003805232965 -0.157660057699 0.268063235743 0.017432080744 0.339025688328 -0.632902801750 -0.392710326370 -0.010952900290
0.315371537466 0.005759271514 0.484293027858 0.116830936430 0.144598852658 0.050290781614 0.109477580836 -0.089680085006 -0.236695774817 0.179257325877 -0.103461198986 0.093279629702 -0.721348757145 0.042577471551 -0.391476196760
0.177971774200 -0.012032763699 0.886002215969 0.161259602396 -0.098884635015 0.119196351516 0.360982910975 -0.166401809105 -0.287037978499 0.016866438006 -0.198334912768 -0.148609773891 -0.717234991778 0.475551276453 -0.569705081295
0.057181338605 0.013986802249 0.926677071038 0.189953115832 -0.277987694691 0.167738782849 0.565385627660 -0.237364261690 -0.315525803667 -0.178948793475 -0.260966990484 -0.355069373260 -0.633674132756 0.762280722549 -0.423872099027
-0.025351079076 0.081709664607 0.591765148077 0.193964037065 -0.287809309505 0.171955392351 0.689775607952 -0.299636384936 -0.323959022670 -0.353372445046 -0.290997477665 -0.508564243525 -0.505170387097 0.796527819232 0.068442771297
-0.059135377154 0.173138099894 -0.025865299747 0.170566996539 -0.123515805151 0.121716032803 0.716669349040 -0.343036609561 -0.308738090811 -0.458890526715 -0.291100321799 -0.602358093898 -0.369210441710 0.584514636617 0.814988341317
-0.064740382467 0.240758118118 -0.663087555132 0.125007045097 0.114825475813 0.029362000309 0.644986987516 -0.354966529126 -0.265903508925 -0.473391549635 -0.264258002778 -0.635011106500 -0.231964944645 0.263383827637 1.534485904047
-0.098164726076 0.217001123122 -0.942412223567 0.067054375486 0.296911015380 -0.077390210971 0.488766747695 -0.325295996414 -0.195815231481 -0.402531941184 -0.213041623956 -0.605906216527 -0.055278722122 0.024374059801 1.821832414949
-0.198592023103 0.071425251189 -0.683913492303 0.007250511460 0.334911922960 -0.170104197935 0.273102598318 -0.250991109469 -0.106083724408 -0.268988832950 -0.142182015505 -0.518231592138 0.187227746276 -0.013266893309 1.478641539187
-0.331415222398 -0.142490547908 -0.101198628034 -0.046434126583 0.210367676467 -0.230422282632 0.030030487181 -0.136782698461 -0.007199089393 -0.100581563229 -0.059958130228 -0.381551737811 0.448297580895 0.128709433927 0.720268893736
-0.423872099027 -0.333626371283 0.443206796253 -0.090811370482 -0.027048007290 -0.253305102488 -0.203939918081 0.005450739112 0.093433895903 0.073533555939 0.023654150862 -0.209647767528 0.645141253717 0.331363800331 -0.073687822141
-0.429631370541 -0.439144452953 0.719908939267 -0.129737875269 -0.272228423177 -0.247185876504 -0.393584501511 0.159048453511 0.192832751589 0.221526265026 0.099964498424 -0.016403639402 0.731118949892 0.452308502128 -0.649049330816
-0.340516928273 -0.436316239263 0.657431127752 -0.170464152405 -0.404280291465 -0.225434342125 -0.513912138502 0.303235929633 0.285855270956 0.314445940258 0.163933549884 0.184502376721 0.710498700989 0.373632739479 -0.901737368499
-0.173498054363 -0.329512605916 0.276496454746 -0.214995662505 -0.356149236669 -0.194066881199 -0.557158096925 0.415593146225 0.360160157902 0.334809078826 0.212167448815 0.375689622163 0.610637046699 0.058055513745 -0.818176509477
0.032704434670 -0.150152435904 -0.301590423486 -0.251248219804 -0.160334005188 -0.144598852658 -0.533401101930 0.477299626734 0.398161065482 0.286832290231 0.241683715325 0.534995186009 0.465009752699 -0.408291212698 -0.486812709146
0.216692590719 0.039800679928 -0.807686407790 -0.260349925679 0.077698743374 -0.065460291406 -0.464289843760 0.475654120587 0.382528757086 0.197563581762 0.248574272315 0.637067989184 0.310126486623 -0.841522127936 -0.146398625007
0.321130808980 0.175554937047 -0.917883897565 -0.228468244083 0.249654135724 0.045354263174 -0.372090077467 0.405360154874 0.304778591645 0.108294873293 0.228159711680 0.659950809039 0.171955392351 -1.059448848265 -0.093125363501
0.333626371283 0.239421144373 -0.537566289364 -0.154986110211 0.291717386604 0.175452092913 -0.275365169270 0.272742643848 0.173549476430 0.055535832458 0.176943332858 0.592793589419 0.040931965404 -0.980927351818 -0.404434557667
0.285341050285 0.260915568417 0.091736967689 -0.051473489158 0.196586562487 0.304007260639 -0.174577917772 0.092096922159 0.007918998332 0.051524911225 0.096313531660 0.442281199045 -0.111020242848 -0.646015428858 -0.845995847773
0.213864377029 0.270891449433 0.639381982203 0.062066434978 0.012906938840 0.409216809906 -0.061397948106 -0.106906477481 -0.159254141779 0.076618879965 -0.003753810898 0.232993385987 -0.291357432135 -0.173498054363 -1.122595146652
0.143724677518 0.280661642180 0.904308471853 0.164087816086 -0.162802264408 0.471334666951 0.076156081361 -0.285443894419 -0.291100321799 0.092045500092 -0.105055283066 0.000462798604 -0.476322607459 0.272228423177 -1.085468414213
0.089577240872 0.291665964537 0.816376737128 0.239266878172 -0.225228653856 0.473494393769 0.240963806386 -0.406799972753 -0.358257541419 0.063557674924 -0.186662103538 -0.217258233457 -0.633468444488 0.526870499409 -0.714458200155
0.060575195033 0.303544462035 0.392196105699 0.281741505589 -0.127732414653 0.402480519117 0.419141268855 -0.449840242908 -0.347818861800 -0.022214332983 -0.230782237102 -0.389059359607 -0.739397902694 0.504656166426 -0.058004091678
0.055844364860 0.306629786061 -0.232530587383 0.294699866496 0.078110119910 0.259784282941 0.578858209238 -0.416570165500 -0.270171540493 -0.153443448198 -0.228673932351 -0.494063220605 -0.776164680664 0.260247081545 0.736723955205
0.052193398097 0.265543554455 -0.754156035949 0.283027057266 0.276702143014 0.067362907889 0.676662980844 -0.331775176868 -0.158379966639 -0.297065281582 -0.182754026440 -0.525019304994 -0.714972420826 -0.027870760363 1.370089555559
0.010798634089 0.127783836720 -0.840133732124 0.251453908072 0.360931488908 -0.136011367454 0.668126917707 -0.232839119786 -0.058981110953 -0.406491440350 -0.107626386420 -0.490155143506 -0.523939441585 -0.148404085623 1.525127087837
-0.080732645332 -0.114156988941 -0.447423405754 0.202705788471 0.281432973186 -0.310743551428 0.528001784885 -0.149895325569 -0.009513082412 -0.431945363560 -0.027202273491 -0.411325114657 -0.217978142397 0.009461660345 1.178799465982
-0.186302149069 -0.388647983070 0.132360400691 0.139868022486 0.061860746710 -0.431379720822 0.270942871500 -0.088188845060 -0.014243912584 -0.342368122688 0.033732876011 -0.313571765118 0.117910799838 0.380883250939 0.626526465430
-0.257418867855 -0.601278230489 0.574384489401 0.063351986655 -0.207076664173 -0.494937395746 -0.042988848088 -0.028539247235 -0.041086231605 -0.149638215233 0.061397948106 -0.208979280656 0.386488256252 0.775290505523 0.170618418606
-0.267086216468 -0.692243867172 0.712092785069 -0.030339019583 -0.399755149561 -0.516586085991 -0.330695313459 0.051730599493 -0.046022750046 0.087366091987 0.059752441959 -0.095902155124 0.540548769255 0.980361709080 -0.053427527707
-0.210933319205 -0.643547169637 0.510929658611 -0.143004768579 -0.421455261874 -0.511238191014 -0.522036825103 0.161516712731 -0.001336973744 0.288272108109 0.045405685241 0.031316038858 0.587754226844 0.857925767338 -0.029721954778
-0.102175647309 -0.471848887622 0.028230714833 -0.264463691046 -0.271097137701 -0.474368568910 -0.580709403653 0.291203165933 0.094410915178 0.387928074131 0.036303979366 0.169384288996 0.559214979609 0.415387457957 0.182342649903
0.024785436338 -0.233559028725 -0.551193137143 -0.368747643106 -0.037229576574 -0.385768347313 -0.510415437940 0.417804295110 0.217155389323 0.359543093097 0.042988848088 0.303235929633 0.494577441276 -0.189901693765 0.416570165500
0.115802495088 -0.010541523754 -0.908833613757 -0.426340358247 0.166504653239 -0.231193613639 -0.355017951193 0.508307133189 0.325604528817 0.223017504971 0.064329005930 0.409268231973 0.442384043179 -0.728342158270 0.405514421076
0.132103290355 0.147067111879 -0.791694144925 -0.418884158519 0.260298503612 -0.020568826836 -0.187844811082 0.522756734042 0.370238883051 0.042011828813 0.087983156792 0.463004292083 0.433642291774 -1.018773993197 -0.021802956446
0.086183384444 0.255979049976 -0.271457092171 -0.344682115707 0.218749473403 0.216332636250 -0.085463475504 0.430916922218 0.318096907022 -0.096210687526 0.094668025514 0.446754918882 0.440172894295 -1.000416315245 -0.709778792050
0.022882819855 0.351932627167 0.334654812625 -0.219520804409 0.068288505096 0.441201335636 -0.071476673256 0.228982464754 0.169230022795 -0.124492824426 0.069368368505 0.357949009017 0.392350371900 -0.718726231724 -1.303138024207
-0.022317177117 0.442126932844 0.751584932594 -0.071168140853 -0.117293735033 0.619944440843 -0.107986340890 -0.038309439982 -0.027870760363 -0.040212056465 0.012906938840 0.213812954962 0.241375182923 -0.299636384936 -1.557625834238
-0.035172693890 0.512780853026 0.856280261191 0.070396809847 -0.235204534872 0.727365138995 -0.124904200963 -0.296859593313 -0.203682807745 0.093639584172 -0.055535832458 0.045714217643 -0.004319453636 0.074561997281 -1.425985342486
-0.013935380182 0.549907585466 0.628429081913 0.185890772532 -0.205174047691 0.746288459684 -0.068905569901 -0.475602698520 -0.300150605607 0.192472797120 -0.109323314634 -0.110865976647 -0.295882574039 0.239832520910 -0.964060913812
0.034401362884 0.545999508367 0.126446862975 0.270891449433 -0.026533786619 0.665915768822 0.074202042812 -0.532526926789 -0.289711925988 0.196380874219 -0.127578148451 -0.226668471735 -0.576132839682 0.140279399023 -0.276290766477
0.089782929140 0.491286428982 -0.459610435655 0.328689852842 0.214430019767 0.489743766970 0.279067558100 -0.465523973370 -0.181262786494 0.090502838079 -0.102021381108 -0.284518297212 -0.788403132631 -0.138531048742 0.435390642055
0.120327636992 0.360160157902 -0.806966498851 0.361240021311 0.396926935871 0.243946286277 0.484807248529 -0.314600206460 -0.022368599184 -0.093999538641 -0.038463706184 -0.282615680729 -0.872683900593 -0.404280291465 0.867747382152
0.103615465187 0.125161311298 -0.680211103473 0.367359247294 0.428242974730 -0.025608189411 0.606574703399 -0.151900786185 0.108911938098 -0.287192244700 0.042783159819 -0.236952885153 -0.790254327047 -0.443926705192 0.833808817872
0.050753580218 -0.192215686784 -0.182394071970 0.345144914311 0.281175862851 -0.270274384628 0.571659119845 -0.046074172113 0.140227976956 -0.399549461293 0.111585885586 -0.177354709395 -0.568059575149 -0.154626155741 0.489692344903
-0.004010921233 -0.508101444921 0.359851625499 0.294391334093 0.005502161179 -0.457245020569 0.370393149253 -0.016352217335 0.057284182739 -0.366279383885 0.138788159077 -0.130869160745 -0.294442756160 0.379803387530 0.170926951009
-0.033989986347 -0.734821338723 0.683245005431 0.214892818371 -0.281381551119 -0.581120780190 0.072710802866 -0.023962683264 -0.083766547290 -0.192472797120 0.113797034471 -0.102895556248 -0.060935149502 0.926008584165 0.084332190028
-0.028436403101 -0.819822015624 0.679028395930 0.104592484462 -0.444903724467 -0.658459569094 -0.214995662505 -0.013986802249 -0.201574502995 0.044788620436 0.050239359547 -0.078830028850 0.094359493111 1.228164650389 0.259681438807
0.011672809230 -0.749219517508 0.345659134982 -0.035635492494 -0.414256172481 -0.702631124724 -0.405411576941 0.046331282449 -0.238649813367 0.243792020076 -0.023037086057 -0.040366322666 0.185633662197 1.139975805329 0.635885281641
0.073482133872 -0.551964468149 -0.216384058317 -0.192061420583 -0.228005445479 -0.701037040645 -0.453696897939 0.158534232840 -0.177354709395 0.328021365970 -0.077390210971 0.019848917897 0.244151974546 0.698620203491 1.075029734594
0.123104428615 -0.307658227402 -0.754310302150 -0.336660273241 0.002931057824 -0.623852517942 -0.359594515164 0.302413176559 -0.035789758695 0.268783144682 -0.096467797862 0.094359493111 0.304161526840 0.098627524680 1.319593085676
0.112254372459 -0.108140607091 -0.929916661264 -0.437910323343 0.171389749613 -0.453954008275 -0.169898509667 0.438373121946 0.138016828071 0.091788389757 -0.080424112930 0.165270523629 0.403560382526 -0.421146729471 1.080686161974
0.020157450299 0.024168371533 -0.604312132447 -0.473905770306 0.219983603013 -0.204402716685 0.022934241922 0.509746951068 0.271817046640 -0.123361538950 -0.047051191388 0.208156527582 0.553507130162 -0.706642045957 0.328741274909
-0.115956761289 0.140639353492 0.003033901958 -0.438733076416 0.146347202940 0.087366091987 0.117088046765 0.460073234259 0.298556521527 -0.264772223449 -0.024682592203 0.200854594055 0.701859793718 -0.722325776420 -0.589862531595
-0.234484625933 0.281587239387 0.549084832392 -0.344065050902 -0.005862115648 0.375535355962 0.067620018224 0.274131039659 0.203065742940 -0.249242759188 -0.034298518749 0.136422743991 0.759863885396 -0.515711910850 -1.264211519419
-0.295316931301 0.438373121946 0.822598807246 -0.215252772841 -0.158071434236 0.619481642239 -0.074664841415 0.001336973744 0.037640953110 -0.084897832766 -0.071322407054 0.033887142213 0.669772423854 -0.210521942668 -1.513814233077
-0.285649582688 0.580143760915 0.762075034281 -0.080115580527 -0.224097368380 0.789534418107 -0.208156527582 -0.268320346078 -0.114774053746 0.135137192314 -0.108294873293 -0.070293965713 0.438373121946 0.020363138568 -1.366644277064
-0.210727630937 0.677280045649 0.390756287821 0.044171555631 -0.155654597083 0.864919168462 -0.251145375670 -0.450920106316 -0.187741966947 0.298145144991 -0.115545384752 -0.140433665224 0.119196351516 0.044480088033 -0.927808356514
-0.093279629702 0.706539201823 -0.176480534255 0.153340604064 0.025093968740 0.831494824853 -0.169589977264 -0.499359693516 -0.153083493728 0.328946963178 -0.076567457898 -0.154523311607 -0.219777914745 -0.156168817754 -0.347870283867
0.025505345277 0.646992448132 -0.686227485322 0.248162895779 0.235975865878 0.688695744543 0.018511944153 -0.411222270523 -0.022265755050 0.211756072279 0.006941979057 -0.109169048433 -0.504090523688 -0.478996554948 0.128760855995
0.103821153456 0.476065497124 -0.825735553339 0.325501684683 0.378414991719 0.457964929508 0.246517389632 -0.232787697719 0.151695097917 -0.008844595540 0.116316715759 -0.021391579910 -0.667252742566 -0.738369461352 0.237415683757
0.133645952368 0.191855732315 -0.494680285410 0.377180862109 0.381808848147 0.181622740964 0.409731030577 -0.051627755359 0.280455953911 -0.233816139060 0.219726492678 0.074459153147 -0.686793128060 -0.741866161914 -0.041960406746
0.140125132822 -0.156117395687 0.077647321307 0.394715786987 0.234124671463 -0.091377013220 0.414153328347 0.046639814851 0.281484395253 -0.345350602580 0.279736044972 0.138068250138 -0.603746489709 -0.404537401801 -0.406080063814
0.149226838697 -0.480693483162 0.566979711740 0.372552876071 -0.006890556990 -0.324678931609 0.248111473712 0.040006368196 0.140639353492 -0.276650720947 0.270274384628 0.146244358805 -0.493548999934 0.176840488724 -0.529235914495
0.170207042069 -0.705510760481 0.775033395188 0.310280752824 -0.231964944645 -0.506867315311 -0.003959499166 -0.019488963427 -0.073842088342 -0.063814785259 0.193192706059 0.106649367146 -0.412559244267 0.763514852159 -0.301024780748
0.201831613330 -0.785369230673 0.638507807062 0.209853455796 -0.336197474638 -0.645038409583 -0.225125809722 -0.058775422684 -0.264258002778 0.180491455488 0.076207503428 0.047308301723 -0.366947870758 1.103774670097 0.223377459441
0.239986787111 -0.710601545123 0.185787928398 0.078830028850 -0.287243666767 -0.742894603256 -0.332083709270 -0.033270077408 -0.360057313768 0.340259817938 -0.041908984679 -0.003548122629 -0.327147190830 1.072767163642 0.920455000920
0.272125579043 -0.520494163090 -0.432459584231 -0.066694421016 -0.140690775560 -0.783260925922 -0.292797250013 0.064020473528 -0.334654812625 0.346379043921 -0.128709433927 -0.030236175449 -0.259115796069 0.725771054915 1.580354387892
0.267600437139 -0.312800434111 -0.901068881626 -0.204197028416 0.009615926546 -0.738369461352 -0.122281675541 0.211190429541 -0.202448678135 0.186353571136 -0.166350387038 -0.030133331315 -0.127475304317 0.258190198861 1.872020352429
0.184091000184 -0.178948793475 -0.895978096985 -0.310640707294 0.091222747019 -0.594439095566 0.115905339222 0.360108735835 -0.018460522085 -0.091891233891 -0.156631616358 -0.013009782974 0.102432757644 -0.115956761289 1.522041763811
0.013061205041 -0.110917398714 -0.407211349290 -0.369930350649 0.080938333600 -0.365765163215 0.312491901709 0.440121472227 0.130406362141 -0.376820907639 -0.125007045097 -0.003599544696 0.420478242599 -0.285341050285 0.646015428858
-0.195043900474 -0.032138791932 0.241478027057 -0.377900771048 0.002725369556 -0.089063020201 0.359851625499 0.386899632789 0.166607497373 -0.523013844377 -0.109734691171 -0.031367460925 0.735952624199 -0.247905785443 -0.287809309505
-0.372141499534 0.103152666584 0.716875037308 -0.342985187494 -0.091017058750 0.194221147401 0.228879620620 0.194221147401 0.082943794217 -0.438887342617 -0.136628432259 -0.110248911842 0.925134409025 -0.069934011243 -0.883945333285
-0.472003153824 0.282924213132 0.861576734101 -0.281175862851 -0.140793619694 0.448297580895 -0.003805232965 -0.069779745042 -0.051884865694 -0.163779283683 -0.190415914436 -0.214687130103 0.920455000920 0.118013643973 -1.043302319199
-0.477093938465 0.471128978683 0.653677316854 -0.205636846295 -0.110248911842 0.646735337797 -0.219006583738 -0.305961299188 -0.149432526965 0.162905108543 -0.228313977882 -0.295214087166 0.738523727553 0.173240944028 -0.855920306721
-0.392916014638 0.627760595041 0.155397486747 -0.120893279730 -0.006016381850 0.768502792667 -0.325655950884 -0.435904862726 -0.152363584789 0.395744228328 -0.211910338480 -0.308172448073 0.443206796253 0.025711033545 -0.463621356888
-0.252739459750 0.712658427807 -0.455393826153 -0.026585208686 0.128349479458 0.796065020628 -0.285135362017 -0.423152190088 -0.046434126583 0.448194736761 -0.126806817445 -0.234741736268 0.115802495088 -0.291563120403 -0.059855286093
-0.112254372459 0.687718725268 -0.866718940810 0.077081678569 0.234278937664 0.723508483963 -0.116573826094 -0.278039116758 0.142387703774 0.304778591645 0.017586346945 -0.082686683881 -0.153340604064 -0.661802003454 0.083458014888
-0.012341296102 0.529852979300 -0.808252050528 0.181982695433 0.261944009759 0.563534433245 0.102227069376 -0.061912168777 0.347150374928 0.026790896954 0.190055959966 0.112820015197 -0.298967898064 -0.920197890584 -0.215304194908
0.056255741397 0.257264601654 -0.320359477974 0.273668241056 0.190055959966 0.346996108727 0.246157435162 0.122435941742 0.470203381475 -0.248625694382 0.343447986097 0.296293950575 -0.327609989433 -0.913410177728 -0.793185384871
0.124749934762 -0.063609096991 0.285701004755 0.335374721564 0.043245958423 0.111791573855 0.213041623956 0.185273707727 0.433385181439 -0.360314424103 0.427883020260 0.412559244267 -0.312954700313 -0.592793589419 -1.243488426382
0.204711249087 -0.352549691972 0.715178109094 0.353680977448 -0.107729230555 -0.112820015197 0.011621387162 0.118630708778 0.240192475380 -0.232582009450 0.414873237286 0.436007706860 -0.337637292516 -0.073327867671 -1.278661120272
0.287706465371 -0.547593592447 0.824707111997 0.323444801999 -0.181931273366 -0.313983141654 -0.241580871191 -0.004165187434 -0.023705572929 0.061089415703 0.314291674057 0.379803387530 -0.431122610487 0.419346957123 -0.866667518743
0.361497131646 -0.613208150054 0.582200643598 0.250322622596 -0.144650274726 -0.487481196018 -0.415078925554 -0.095902155124 -0.254333543830 0.360777222707 0.164910569159 0.277062097484 -0.556798142456 0.688078679738 -0.117807955704
0.412970620804 -0.541371522329 0.042988848088 0.148866884227 -0.033321499475 -0.621229992520 -0.431071188419 -0.104901016865 -0.380009075799 0.527487564214 0.012289874035 0.160951069993 -0.658305302892 0.667098476365 0.797093461970
0.432099629761 -0.379957653732 -0.593924874895 0.039389303391 0.071990893927 -0.691369692032 -0.273154020385 -0.020414560635 -0.372552876071 0.491646383452 -0.107574964353 0.053324683573 -0.690186984488 0.435544908256 1.604317071156
0.396772669670 -0.230627970901 -0.971619957675 -0.058724000617 0.102535601778 -0.674554676093 0.022728553654 0.133543108234 -0.247597253041 0.250116934328 -0.173343788162 -0.030647551986 -0.610894157035 0.167584516648 1.924676549130
0.279838889106 -0.173138099894 -0.814062744109 -0.131640491752 0.036201135232 -0.566362646935 0.364376767403 0.295728307837 -0.070139699511 -0.134777237844 -0.183679623647 -0.086389072712 -0.377900771048 0.024631170136 1.537108429469
0.082326729412 -0.177868930066 -0.225640030393 -0.174937872242 -0.093331051769 -0.387208165191 0.613259572121 0.374352648419 0.054815923518 -0.525893480134 -0.163727861616 -0.128966544263 0.005142206709 0.060369506764 0.686741705993
-0.149021150428 -0.158482810773 0.420375398465 -0.195506699078 -0.211807494346 -0.173909430900 0.650951947298 0.295831151972 0.045199996973 -0.743203135659 -0.158894187310 -0.192112842650 0.436624771665 0.233147652188 -0.099553121887
-0.352035471301 -0.068699881633 0.822187430710 -0.206819553838 -0.241940825661 0.038155173781 0.466398148511 0.071682361524 -0.085360631370 -0.670955131397 -0.201934457464 -0.300407715943 0.763514852159 0.440789959100 -0.474471413044
-0.481979034839 0.085514897571 0.861628156168 -0.218646629269 -0.152209318588 0.227336958607 0.162853686476 -0.202037301598 -0.238701235434 -0.353321022979 -0.277370629886 -0.430865500151 0.891041578544 0.545948086300 -0.419449801257
-0.517254572863 0.273308286586 0.541062989926 -0.226617049668 0.020311716501 0.383402932227 -0.124441402359 -0.412816354602 -0.314188829923 0.044840042503 -0.332700774075 -0.524402240189 0.823421560320 0.451794281457 -0.085926274108
-0.461770162473 0.452514190396 -0.042628893618 -0.216744012786 0.194941056340 0.495605882618 -0.296448216777 -0.487481196018 -0.260812724283 0.354400886388 -0.321130808980 -0.526716233208 0.620561505648 0.161002492060 0.334346280222
-0.353115334710 0.570270724033 -0.652134654841 -0.176069157718 0.296396794710 0.550936026807 -0.308275292207 -0.401709188111 -0.078007275776 0.471231822817 -0.225228653856 -0.415233191756 0.366382228020 -0.239678254709 0.594387673499
-0.250785421200 0.573818846663 -0.946268878599 -0.102124225242 0.282924213132 0.540445925121 -0.171235483411 -0.179103059676 0.191701466113 0.367822045898 -0.055175877988 -0.200906016123 0.156271661888 -0.622824076600 0.414718971085
-0.179822968615 0.445160834802 -0.731427482295 -0.003496700562 0.153494870265 0.467066635383 0.031316038858 0.102432757644 0.463107136217 0.097753349539 0.155037532278 0.072350848396 0.053993170445 -0.856331683258 -0.271354248036
-0.110300333909 0.221629109160 -0.165064835360 0.101147205967 -0.047822522394 0.346584732190 0.154317623339 0.320770854510 0.623132609002 -0.196895094889 0.351469828563 0.336403162906 0.051627755359 -0.846098691907 -1.141209934939
-0.008021842466 -0.025608189411 0.415953100695 0.187587700746 -0.233096230121 0.200391795452 0.077801587508 0.376255264901 0.592073680480 -0.332495085807 0.476579717795 0.526150590470 0.074973373818 -0.594284829365 -1.734672011230
0.127012505713 -0.231604990176 0.766188799648 0.235153112805 -0.301744689687 0.045251419040 -0.180645721689 0.268217501944 0.386128301782 -0.209699189595 0.496737168094 0.611151267370 0.027665072095 -0.231450723974 -1.808514099572
0.271302825969 -0.354915107058 0.786963314753 0.234998846603 -0.206613865570 -0.110711710446 -0.475654120587 0.085874852041 0.102689867980 0.103512621053 0.419552645391 0.601175386355 -0.134571549576 0.056307163464 -1.380168280709
0.398521019951 -0.373735583614 0.470100537341 0.196432296286 0.003342434361 -0.256904647184 -0.657071173282 -0.069419790572 -0.150666656575 0.434156512445 0.282050037991 0.523065266444 -0.372141499534 0.157814323901 -0.585697344161
0.485835689871 -0.292488717611 -0.101147205967 0.138736737010 0.215098506639 -0.374249804285 -0.641798819356 -0.135497146783 -0.302721708962 0.628891880517 0.127680992586 0.402069142580 -0.612128286645 0.085052098968 0.376100998700
0.516637508058 -0.161156758262 -0.689621341750 0.081915352875 0.321182231047 -0.438475966081 -0.416930119970 -0.092662564897 -0.323650490267 0.610225670163 -0.008278952802 0.258601575398 -0.791796989059 -0.059032533020 1.193763287506
0.476631139862 -0.069162680237 -0.941846580829 0.040572010934 0.266212041327 -0.432716694566 -0.028436403101 0.041703296410 -0.223840258045 0.370855947857 -0.104695328596 0.110660288379 -0.859828383820 -0.134828659911 1.487537556793
0.359851625499 -0.070242543646 -0.666738521895 0.021237313708 0.064226161796 -0.356612035272 0.414256172481 0.202551522269 -0.069008414035 -0.029876220980 -0.153546292332 -0.023705572929 -0.765571734843 -0.043245958423 1.116064544132
0.178280306603 -0.126138330573 -0.050959268487 0.018923320689 -0.199209087909 -0.233764716993 0.752459107735 0.284621141346 0.028539247235 -0.459507591521 -0.171132639277 -0.143159034780 -0.490206565574 0.211498961943 0.399240928890
-0.030698974053 -0.160693959658 0.540857301658 0.016712171804 -0.387568119661 -0.102072803175 0.854891865379 0.202448678135 -0.020003184098 -0.740169233700 -0.192421375053 -0.266417729596 -0.100890095632 0.538183354169 -0.152209318588
-0.220446401617 -0.131794757953 0.855714618453 -0.006582024588 -0.384277107367 0.005964959782 0.709264571379 -0.030133331315 -0.195198166675 -0.750042270582 -0.246620233766 -0.413227731139 0.267754703340 0.792876852468 -0.253150836286
-0.354195198119 -0.036972466238 0.805629525107 -0.059289643355 -0.180080078951 0.080681223265 0.417135808238 -0.304778591645 -0.385511236977 -0.511649567550 -0.323907600603 -0.568008153081 0.507947178720 0.845533049169 0.067260063754
-0.411582224992 0.104078263791 0.411170848455 -0.126806817445 0.115751073021 0.130920582812 0.108963360165 -0.501827952736 -0.479665041820 -0.164087816086 -0.380163342000 -0.678874129729 0.593410654224 0.661956269656 0.616344896147
-0.396618403469 0.252893725951 -0.196278030084 -0.182702604372 0.356817723541 0.166658919440 -0.116213871624 -0.549393364795 -0.422792235618 0.138428204608 -0.372758564339 -0.692038178904 0.557106674858 0.312286213440 1.144295258964
-0.347150374928 0.349978588618 -0.739295058560 -0.204916937356 0.440172894295 0.190107382034 -0.204608404953 -0.427985864394 -0.216024103847 0.293002938282 -0.283644122071 -0.581275046391 0.463621356888 -0.078624340581 1.346435404697
-0.313108966514 0.338922844193 -0.898086401735 -0.184399532586 0.331980865136 0.198077802433 -0.151489409649 -0.165219101562 0.093536740038 0.265286444120 -0.121510344535 -0.356663457340 0.383454354294 -0.384277107367 0.963135316605
-0.301333313150 0.215304194908 -0.583126240806 -0.126344018841 0.066488732748 0.187124902142 -0.019231853092 0.158534232840 0.414564704883 0.094565181379 0.081195443936 -0.063506252857 0.352138315436 -0.521625448566 0.044942886637
-0.268526034346 0.036715355903 -0.023859839130 -0.050033671279 -0.253305102488 0.156425928089 0.062066434978 0.420015443995 0.630794496999 -0.105003860999 0.274953792733 0.229496685425 0.361240021311 -0.478482334277 -0.992960115517
-0.178691683139 -0.124904200963 0.470306225610 0.016352217335 -0.473545815836 0.107986340890 -0.028025026564 0.514837735710 0.660619295911 -0.188050499350 0.408651167168 0.459764701856 0.378363569652 -0.324833197811 -1.698727986334
-0.034504207018 -0.223891680112 0.712915538142 0.049725138876 -0.468506453261 0.046125594180 -0.288889172914 0.431225454621 0.513397917831 -0.076361769629 0.454262540677 0.599786990543 0.349772900349 -0.193089861925 -1.872020352429
0.137348341199 -0.240243897447 0.643392903436 0.048233898931 -0.235461645207 -0.021134469574 -0.591919414279 0.246723077900 0.273616818988 0.179103059676 0.417701450976 0.655991309873 0.226925582070 -0.188564720021 -1.551712296522
0.303287351700 -0.174423651571 0.281073018717 0.030236175449 0.099450277753 -0.080218424661 -0.787631801625 0.060112396429 0.037795219312 0.444492347930 0.327198612897 0.645706896455 0.009358816210 -0.312234791373 -0.884356709822
0.429734214675 -0.050239359547 -0.255824783775 0.018306255884 0.373735583614 -0.115802495088 -0.786603360283 -0.059546753691 -0.126652551244 0.596495978250 0.214635708036 0.581017936055 -0.258293042995 -0.478328068076 -0.082686683881
0.490617942110 0.077081678569 -0.713275492612 0.026482364552 0.474008614440 -0.116522404027 -0.569550815094 -0.081761086674 -0.187073480075 0.570630678503 0.104952438932 0.469843427006 -0.518231592138 -0.574230223199 0.546976527641
0.474574257178 0.142387703774 -0.801001539068 0.058415468215 0.362319884720 -0.078830028850 -0.179617280347 -0.013524003645 -0.146295780872 0.363759702598 0.013061205041 0.322313516523 -0.717286413845 -0.504244789889 0.703762410200
0.387568119661 0.122281675541 -0.446240698211 0.107986340890 0.077235944770 -0.011364276827 0.277576318154 0.092559720763 -0.054713079384 0.031830259529 -0.057438448940 0.151592253783 -0.805372414771 -0.235101690738 0.360468690304
0.249294181255 0.053376105640 0.124441402359 0.159562674182 -0.259475750539 0.064226161796 0.652905985848 0.144804540927 -0.004319453636 -0.313314654782 -0.115391118551 -0.032961545005 -0.748756718904 0.176583378389 -0.151540831716
0.089011598134 -0.011415698894 0.606111904795 0.189644583430 -0.469534894603 0.116368137826 0.826815416748 0.066025934144 -0.070705342249 -0.541320100261 -0.180028656884 -0.229548107492 -0.564665718721 0.594953316237 -0.422483703215
-0.061397948106 -0.039492147525 0.809640446340 0.177354709395 -0.418627048184 0.119710572187 0.781615419775 -0.135342880582 -0.242660734600 -0.575515774877 -0.258910107801 -0.432408162164 -0.322313516523 0.852269339958 -0.254487810031
-0.175349248779 -0.020260294434 0.676714402911 0.120379059059 -0.130509206276 0.071836627725 0.592382212882 -0.367924890032 -0.428602929199 -0.441149913569 -0.335837520168 -0.615367876872 -0.096467797862 0.854377644708 0.295265509234
-0.237569949958 0.039337881324 0.250014090194 0.037949485513 0.230113750230 -0.005862115648 0.358874606224 -0.528001784885 -0.529852979300 -0.234536048000 -0.378003615182 -0.734409962186 0.075281906220 0.636450924379 1.019956700740
-0.253150836286 0.108192029158 -0.307195428799 -0.042526049484 0.482698943778 -0.084537878297 0.158225700437 -0.551707357814 -0.492469136526 -0.058158357879 -0.357949009017 -0.749270939575 0.195506699078 0.318559705626 1.633267694928
-0.253253680421 0.129789297336 -0.713943979484 -0.099244589485 0.519619987949 -0.141359262432 0.035892602829 -0.423357878356 -0.313931719587 0.022522865386 -0.267240482669 -0.643135793101 0.294185645825 0.040983387471 1.812422176671
-0.271405670104 0.057541293074 -0.731273216094 -0.121818876937 0.319896679370 -0.166453231172 -0.000102844134 -0.171235483411 -0.036921044171 -0.004936518441 -0.119761994254 -0.431791097359 0.398161065482 -0.086543338913 1.366232900527
-0.302824553096 -0.092971097300 -0.378672102054 -0.112871437264 -0.052141976030 -0.161979511335 0.010541523754 0.132257556557 0.257521711989 -0.092765409031 0.050702158151 -0.163625017482 0.497919875637 -0.038052329647 0.446292120278
-0.309149467348 -0.250014090194 0.098164726076 -0.091994078025 -0.442229776978 -0.143004768579 -0.014243912584 0.386591100386 0.474574257178 -0.147169956013 0.199054821707 0.097804771606 0.562351725701 0.106546523011 -0.527744674550
-0.260504191880 -0.345607712915 0.454622495147 -0.089628662939 -0.647660935005 -0.127475304317 -0.146244358805 0.509181308330 0.551398825411 -0.083817969357 0.289969036323 0.304161526840 0.579938072646 0.194066881199 -1.182553276880
-0.155500330882 -0.347870283867 0.566208380733 -0.123310116883 -0.545228177360 -0.120019104589 -0.379289166859 0.485218625066 0.491594961385 0.105003860999 0.314343096124 0.443103952119 0.553198597759 0.093793850373 -1.380631079312
-0.012649828504 -0.256493270647 0.409679608510 -0.176943332858 -0.196895094889 -0.104746750663 -0.625857978558 0.364068235001 0.350132854819 0.341133993078 0.287809309505 0.527024765610 0.474162880641 -0.198386334835 -1.182039056209
0.139302379748 -0.094770869648 0.040880543337 -0.212835935687 0.205842534563 -0.060729461234 -0.778632939884 0.217103967256 0.192884173656 0.518025903870 0.236232976214 0.569088016490 0.333986325753 -0.563842965647 -0.741969006049
0.266931950267 0.091736967689 -0.387516697594 -0.202500100202 0.481773346571 0.019334697226 -0.767525773393 0.100684407363 0.068802725767 0.560346265085 0.180594299622 0.572944671522 0.142336281706 -0.854531910910 -0.273411130720
0.342213856487 0.247597253041 -0.643444325503 -0.138016828071 0.533658212265 0.127269616049 -0.577058436889 0.043091692222 0.003445278495 0.446703496815 0.132154712423 0.534789497741 -0.073893510409 -0.956707558218 -0.022008644715
0.353835243650 0.333832059551 -0.557055252791 -0.028950623772 0.347870283867 0.245128993820 -0.248522850248 0.040572010934 -0.005039362575 0.210470520601 0.091479857354 0.450097353243 -0.287089400566 -0.814011322042 -0.133388842033
0.310280752824 0.347613173532 -0.175349248779 0.101712848705 -0.007147667326 0.350595653423 0.125829798170 0.053787482177 0.007918998332 -0.066745843083 0.049056652004 0.315371537466 -0.471231822817 -0.443721016924 -0.498691206643
0.230216594364 0.311823414837 0.283901232407 0.220909200221 -0.371935811265 0.418987002653 0.432048207694 0.022111488849 -0.014758133255 -0.280404531844 -0.010490101686 0.130097829739 -0.602975158703 0.048028210663 -0.818485041879
0.134417283375 0.252019550810 0.606677547533 0.295008398898 -0.537823399699 0.426186092046 0.593873452828 -0.093125363501 -0.110197489775 -0.356714879407 -0.095490778587 -0.096262109593 -0.666841366029 0.474162880641 -0.826609728479
0.042526049484 0.188564720021 0.675840227770 0.307195428799 -0.385614081112 0.355532171864 0.610637046699 -0.270377228762 -0.259835705008 -0.298196567058 -0.195095322541 -0.335580409832 -0.662470490327 0.662367646192 -0.436213395129
-0.029773376845 0.135651412985 0.468917829798 0.267034794401 0.001079863409 0.210521942668 0.535766517016 -0.440275738429 -0.399960837830 -0.173395210229 -0.279118980167 -0.541988587134 -0.599735568476 0.582406331867 0.262098275960
-0.074510575214 0.097084862667 0.059443909557 0.199003399640 0.406285752082 0.019591807561 0.430865500151 -0.532064128185 -0.465935349907 -0.066642998949 -0.315988602271 -0.667818385304 -0.488869591829 0.344527849506 1.054306641556
-0.097290550935 0.052913307036 -0.370033194783 0.127423882250 0.638096430526 -0.174012275034 0.338151513187 -0.506044562237 -0.423717832826 -0.036921044171 -0.287706465371 -0.681188122748 -0.331672332734 0.102844134181 1.648642892988
-0.116573826094 -0.037743797244 -0.586931473771 0.069162680237 0.600969698086 -0.329306917647 0.273154020385 -0.360880066841 -0.278399071228 -0.102124225242 -0.195352432877 -0.577109858956 -0.123721493420 -0.006941979057 1.771798743670
-0.147427066348 -0.195763809413 -0.477299626734 0.031881681596 0.293979957556 -0.420118288129 0.223943102179 -0.131949024154 -0.071785205658 -0.230216594364 -0.060626617100 -0.382837289489 0.121613188669 0.094102382776 1.351886143809
-0.182805448507 -0.385151282508 -0.146450047074 0.012289874035 -0.184708064989 -0.442692575582 0.153186337863 0.115699650954 0.130972004879 -0.337842980784 0.075333328288 -0.154986110211 0.355017951193 0.378569257920 0.613156727987
-0.200906016123 -0.534275277070 0.192267108851 -0.012958360907 -0.629148990852 -0.422843657685 0.019334697226 0.310229330757 0.269091677084 -0.324627509542 0.167841626983 0.042988848088 0.519002923144 0.685301888115 -0.081915352875
-0.186147882868 -0.586417253100 0.376255264901 -0.078881450917 -0.796630663366 -0.397595422744 -0.187741966947 0.407879836162 0.317736952552 -0.144496008524 0.192112842650 0.178023196267 0.597164465122 0.782952393520 -0.474368568910
-0.137039808796 -0.522088247170 0.343088031628 -0.197923536231 -0.587497116509 -0.375792466297 -0.425569027241 0.409988140912 0.293311470684 0.146141514671 0.159665518316 0.256493270647 0.614339435530 0.539880282383 -0.517100306662
-0.062940610119 -0.357331944212 0.115236852350 -0.334037747820 -0.136371321924 -0.325553106750 -0.620150129111 0.352498269905 0.234278937664 0.425826137576 0.103255510718 0.304984279914 0.591096661205 0.037846641379 -0.328895541111
0.018717632421 -0.134263017173 -0.205379735959 -0.427831598193 0.313520343051 -0.212835935687 -0.703813832267 0.278861869832 0.176634800456 0.582663442202 0.054507391116 0.342625233024 0.529955823434 -0.512472320624 -0.100992939766
0.085669163773 0.092302610427 -0.449891664975 -0.438938764684 0.577264125158 -0.034658473219 -0.642313040027 0.221217732623 0.142644814109 0.559163557542 0.031727415395 0.374301226352 0.436059128927 -0.921689130530 -0.032190213999
0.121253234199 0.278964713966 -0.466089616108 -0.358103275218 0.575207242474 0.183833889848 -0.446035009943 0.189284628960 0.136114211589 0.361548553713 0.038000907580 0.393173124974 0.321233653114 -1.081508915047 -0.247031610303
0.123258694816 0.414101906280 -0.235461645207 -0.200597483720 0.313160388581 0.404126025264 -0.172212502686 0.166144698769 0.140279399023 0.060986571569 0.061706480509 0.384431373568 0.188410453820 -0.955216318273 -0.693426574715
0.102741290047 0.500285290723 0.111071664915 -0.002211148885 -0.116419559893 0.586571519301 0.090811370482 0.112974281398 0.120636169394 -0.217926720329 0.078778606783 0.327558567366 0.026533786619 -0.575824307279 -1.146146453380
0.073996354543 0.538389042437 0.404383135600 0.183988156050 -0.516791774259 0.699185846229 0.265852086858 -0.004679408105 0.046794081052 -0.350441387222 0.062837765985 0.206408177301 -0.173703742632 -0.080012736393 -1.356822662249
0.047719678260 0.526870499409 0.530470044105 0.309303733549 -0.646683915730 0.720217471669 0.330798157593 -0.183319669178 -0.079498515722 -0.292231607275 0.005245050843 0.025453923210 -0.396052760731 0.297322391917 -1.196900033598
0.030801818187 0.468712141530 0.447731938157 0.357486210413 -0.398983818555 0.637787898123 0.320102367638 -0.372707142272 -0.218749473403 -0.108500561561 -0.075230484153 -0.180131501018 -0.599992678812 0.377952193115 -0.686793128060
0.024939702539 0.374352648419 0.185222285660 0.347407485263 0.088651643664 0.453594053805 0.288426374311 -0.507484380116 -0.318096907022 0.081863930808 -0.144958807128 -0.358051853151 -0.742894603256 0.189233206893 0.037126732439
0.027665072095 0.250631154999 -0.146810001543 0.308480980476 0.555512590778 0.196792250755 0.275982234075 -0.541062989926 -0.339951285535 0.180954254091 -0.174423651571 -0.462490071412 -0.793493917273 -0.090605682213 0.752201997400
0.031367460925 0.090554260146 -0.376872329706 0.261686899423 0.797144884037 -0.081915352875 0.295831151972 -0.460021812191 -0.275262325135 0.143621833384 -0.149483949032 -0.467529433987 -0.732713033972 -0.278244805027 1.201322331368
0.029053467906 -0.117293735033 -0.375843888364 0.219058005805 0.723251373628 -0.327147190830 0.331620910667 -0.285135362017 -0.146758579476 -0.021494424044 -0.073122179403 -0.374609758754 -0.558289382401 -0.247905785443 1.224359417424
0.019951762031 -0.358103275218 -0.167533094581 0.186250727002 0.343036609561 -0.496068681222 0.342573810957 -0.066437310681 -0.003753810898 -0.248625694382 0.032293058133 -0.214687130103 -0.300304871808 0.048902385803 0.881888450602
0.009513082412 -0.579166741640 0.098164726076 0.160231161054 -0.224868699387 -0.573458892193 0.279993155308 0.132360400691 0.098473258478 -0.423460722490 0.126086908506 -0.043863023228 -0.026379520417 0.545331021495 0.420529664666
0.004268031569 -0.718880497925 0.266880528200 0.117910799838 -0.734409962186 -0.586982895838 0.120121948723 0.262406808363 0.128812278062 -0.432665272499 0.165064835360 0.079961314326 0.190210226168 1.025870238455 0.111020242848
0.006479180453 -0.738112351017 0.257058913385 0.019591807561 -0.906365354537 -0.589656843327 -0.110351755976 0.311309194166 0.096982018533 -0.244254818680 0.130869160745 0.131434803483 0.328227054239 1.202247928575 0.103821153456
0.013678269846 -0.633879821024 0.070705342249 -0.150203857971 -0.647352402602 -0.598758549202 -0.344373583305 0.300253449741 0.040726277136 0.060163818496 0.044377243899 0.127475304317 0.420683930867 0.936344419651 0.359697359298
0.018717632421 -0.440995647368 -0.208053683448 -0.349567212081 -0.137348341199 -0.569396548893 -0.508358555256 0.264309424845 -0.000359954470 0.343756518500 -0.051679177426 0.103255510718 0.495245928148 0.365508052879 0.674503254026
0.010850056156 -0.218389518933 -0.425980403778 -0.507073003579 0.347253219062 -0.449943087042 -0.551450247478 0.235204534872 -0.001336973744 0.492983357196 -0.119916260455 0.088034578859 0.554381305302 -0.244769039351 0.789020197436
-0.021648690245 -0.011518543028 -0.435904862726 -0.569447970960 0.617167649220 -0.232427743249 -0.459610435655 0.229548107492 0.042988848088 0.456782221965 -0.139765178352 0.096004999258 0.593719186627 -0.693837951252 0.529081648294
-0.073790666275 0.166658919440 -0.214224331499 -0.521265494096 0.601741029093 0.051987709828 -0.262046853893 0.240963806386 0.115853917155 0.247648675108 -0.112665748995 0.124698512694 0.609454339156 -0.896286629387 -0.078315808179
-0.131640491752 0.332649352008 0.114774053746 -0.370084616850 0.312286213440 0.352601114039 -0.031984525730 0.236695774817 0.179360170012 -0.049725138876 -0.053633215975 0.155397486747 0.583434773209 -0.828152390492 -0.802441356947
-0.172263924753 0.488252527024 0.384328529434 -0.153700558533 -0.151232299313 0.616550584415 0.140845041761 0.172366768887 0.190518758570 -0.299327852534 0.006427758386 0.158842765242 0.484241605791 -0.515763332918 -1.350137793528
-0.181674163031 0.614596545865 0.486144222273 0.065100336937 -0.579115319573 0.799870253592 0.201985879531 0.024271215667 0.128606589793 -0.375329667693 0.037743797244 0.111534463519 0.289660503921 -0.097753349539 -1.526309795380
-0.156220239821 0.685147621914 0.392967436705 0.224817277320 -0.715538063564 0.879163081046 0.163162218878 -0.179874390683 0.015529464261 -0.248831382651 0.033115811206 0.015529464261 0.016815015939 0.176789066657 -1.303549400744
-0.102021381108 0.682062297888 0.144033209920 0.304058682706 -0.450611573914 0.842447725143 0.085206365169 -0.373838427748 -0.098627524680 -0.006736290789 0.009153127942 -0.095336512386 -0.280867330448 0.132977465496 -0.792722586267
-0.543479827079 2.967773180060 -0.176891910791 -0.543017028475 -0.939892542280 0.938761256804 0.326530126025 -0.551450247478 -0.537257756961 -0.686587439792 0.801927136276 0.624829537216 1.446554169322 -2.278666058980 -0.849646814536
-0.091994078025 2.459054670334 -0.286832290231 1.368701159747 -0.862348065107 1.011832014139 -0.404691668002 -1.184404471295 0.670286644524 -1.134627910351 0.786140561679 0.375021135291 0.262766762832 -1.198134163208 -1.770256081657
0.317171309814 0.400886435037 -0.563431589110 2.747840999114 -0.762537832885 0.904719848390 -0.985761026125 -1.517876576377 1.487434712659 -1.464603314871 0.674143299556 0.028796357571 -0.614596545865 1.205796051205 -1.857673595711
0.859417007283 -1.456530050338 -0.630743074932 2.492736124278 -0.096519219929 0.941846580829 -0.882248405071 -1.177462492238 1.235260895648 -1.488925952605 0.523065266444 -0.181828429232 -0.981081618019 2.207909294664 -1.364844504716
1.356359863646 -2.411077881738 -0.445983587876 1.179416530787 1.083874330133 1.052095492671 -0.201368814726 -0.316759933277 0.270788605298 -1.130154190515 0.341339681347 -0.113077125532 -1.203893434722 1.302880913872 -0.764029072830
1.702841751701 -2.575577074361 -0.118219332241 -0.053787482177 2.127999402405 0.969665919125 0.494268908874 0.560860485756 -0.573870268730 -0.491749227586 0.103615465187 0.149175416629 -1.651779639080 -0.216538324518 -0.426803156851
1.868575073934 -2.048089510147 0.277679162289 -0.805423836838 2.704235086221 0.676611558777 0.895618142515 1.158282061213 -0.955730538944 0.209853455796 -0.192832751589 0.377643660712 -2.168519991273 -1.621492041564 -0.376563797304
1.806354372754 -0.717903478650 0.702579702657 -1.073589916715 2.785019153620 0.263435249705 0.967403348173 1.420431759240 -0.899989018218 0.781975374245 -0.500028180388 0.404743090069 -2.481886068122 -2.987467831756 -0.470871868348
1.506666565751 1.388858610047 1.106962838257 -0.818485041879 2.334253313505 -0.204505560819 0.725873899049 1.338259296030 -0.453439787604 1.134627910351 -0.737032487608 0.203014320873 -2.548477645004 -4.323978777504 -0.651980388640
1.160956008702 3.109389552827 1.366849965332 0.122590207944 1.267193999311 -0.662881866863 0.165373367763 0.871449770982 0.396875513804 1.263851564950 -0.836431343294 -0.172623879223 -2.712102662486 -4.411344869491 -0.928579687520
0.853297781299 2.557887883282 1.268068174451 1.637484304429 -0.187690544880 -0.992394472779 -0.615933519610 0.075641860690 1.554077711609 1.173965791676 -0.778067297146 -0.665452970218 -3.049122890197 -1.667669057811 -1.164606975465
0.260504191880 0.383351510160 0.758321223383 2.477258082084 -1.128868638837 -1.101820631548 -1.147843381594 -0.604260710380 2.434526344332 0.857514390801 -0.596393134115 -1.210424037243 -2.447947503842 1.946222395241 -0.881322807864
-0.563174478775 -1.355228578170 0.094822291715 1.362221979294 -1.133599469010 -1.060785822010 -0.847127133249 -0.590171063997 2.145997125887 0.424386319698 -0.363451170196 -1.621440619497 -0.376203842834 3.442244593104 0.441355601838
-1.289922552965 -2.104550939812 -0.486041378139 -0.627143530236 -0.933876160430 -0.926265694501 0.045508529375 -0.064483272131 0.749939426448 0.184553798788 -0.140022288687 -1.549552569705 1.687363709507 3.242778394860 2.212023060031
-1.779254943398 -2.147025567229 -0.901377414029 -2.022429898669 -0.944109151781 -0.699442956565 0.802235668679 0.359800203432 -0.765931689313 0.310023642489 0.075281906220 -0.798944656385 2.689528375033 2.656052609358 3.165593872157
-2.000678364289 -1.669468830160 -1.125063405873 -2.559533389429 -1.081200382644 -0.416004522762 1.133959423479 0.446137854077 -1.774678379427 0.558237960334 0.292951516214 0.328587008708 2.868528590575 2.011528420445 2.986902189018
-1.889863809709 -0.582406331867 -1.094415853887 -2.414780270569 -1.229707312402 -0.112717171062 1.085057037676 0.234638892134 -2.167337283730 0.609608605358 0.481927612772 1.320672949085 2.610492657915 1.095495717296 2.053643093393
-1.347361001905 1.331882959711 -0.700162865504 -1.667617635744 -1.333734154126 0.178588839005 0.710704389258 -0.217515343793 -1.938714773445 0.351932627167 0.600095522946 1.863741399627 1.952598731560 -0.380420452335 0.596341712048
-0.530675732374 3.613582920649 -0.062066434978 -0.310332174891 -1.372146438242 0.405308732807 0.014706711188 -0.880140100321 -1.028955562481 -0.190158804101 0.609454339156 1.835870639264 1.016819954647 -1.970647877108 -1.150568751150
-0.048850963736 4.164261837121 0.131691913819 1.383099338533 -1.327872038477 0.514066404704 -0.904976958725 -1.638512745771 0.431379720822 -0.946011768264 0.476682561929 1.173914369609 0.517614527333 -1.674302504466 -2.251926584093
0.036509667634 1.993890651433 -0.315525803667 2.448513146580 -1.054152375355 0.582097799464 -1.603802850485 -2.064904526085 1.566059053241 -1.763879745338 0.226051406930 -0.046434126583 0.882608359541 0.899731907882 -1.785836967985
0.213298734291 -0.685507576383 -0.648175155676 2.053694515460 -0.300253449741 0.754721678687 -1.527903879459 -1.591358710249 1.252230177787 -2.331322255681 -0.023448462593 -1.261280461595 1.592438573658 2.600876731369 -0.097290550935
0.503370614749 -2.356467646488 -0.591867992211 0.773953531779 0.778427251616 0.919272293377 -0.827741013955 -0.369159019643 -0.060678039167 -2.249715435209 -0.154266201271 -1.459101153692 1.800543679173 2.101311349585 1.192580579962
0.777861608878 -3.038684210578 -0.309406577683 -0.388802249271 1.718885436633 0.895720986649 -0.086029118242 0.864559213992 -1.119509822627 -1.420740291643 -0.182599760238 -0.442641153515 1.117710050279 0.637942164325 0.975528034774
0.986120980594 -2.970498549616 0.067979972694 -1.060940088211 2.279591656188 0.686433173591 0.415695990359 1.694717065101 -1.507900695361 -0.260247081545 -0.207796573113 0.785317808606 -0.080526957064 -0.795962176494 -0.032138791932
1.088862270641 -2.099254466902 0.497405654966 -1.231558506817 2.420128165546 0.361805664049 0.654808602330 2.076628757382 -1.354662935432 0.758012690981 -0.264309424845 1.452570551172 -1.269919368867 -2.133141609114 -0.957170356822
1.017694129788 -0.132771777228 0.966272062697 -0.863787882986 2.088507254880 -0.035224115957 0.635782437507 2.017184847825 -0.779301426756 1.444394442505 -0.322004984121 1.476841766839 -2.233877438545 -3.650503964820 -1.628793975091
0.770868207753 2.627873316592 1.405622203918 0.194272569468 1.180804926599 -0.468712141530 0.298350833259 1.439355079930 0.225434342125 1.781980312954 -0.341699635816 1.001547600721 -3.044854858629 -4.905922310767 -2.163994849369
0.548056391050 3.931474139403 1.583645400186 1.842298397651 -0.158328544572 -0.834991525415 -0.410965160187 0.303287351700 1.646226055835 1.741305457885 -0.304470059243 0.111945840056 -3.720335131929 -3.771397244550 -2.506877192728
0.376255264901 2.198190523984 1.242408562973 2.851970684972 -1.084851349408 -0.947965806813 -1.149334621539 -0.918295274102 3.020943597432 1.207390135284 -0.219880758879 -1.167949409826 -3.286332885686 0.025093968740 -2.147642632034
0.061397948106 -0.359903047566 0.526664811141 1.774678379427 -0.974242483096 -0.764337605233 -0.964832244819 -1.192014937224 3.246532205757 0.213401578425 -0.131074849014 -2.607870132494 -1.084439972871 2.657595271370 -0.400732168836
-0.314805894728 -1.931258573717 -0.207333774509 -0.383814308763 -0.512472320624 -0.467375167785 0.277113519551 -0.465626817504 1.942417162276 -0.540600191322 -0.054455969049 -3.346650970383 0.962621095934 2.963865102961 2.079148438669
-0.620561505648 -2.501426453616 -0.775856148261 -1.975173019012 -0.294751288563 -0.194221147401 1.473705020746 0.268114657810 0.139353801815 -0.231964944645 0.093999538641 -2.464248299110 1.354200136828 2.434269233996 3.295383169493
-0.819204950818 -2.370403026670 -1.134422222083 -2.649470584770 -0.320719432443 0.022985663989 2.031942981080 0.552992909491 -1.277735523064 0.636656612647 0.312286213440 -0.504913276761 0.800333052196 1.825843336182 2.893776825517
-0.889858871001 -1.576292044592 -1.243488426382 -2.578045333581 -0.483418852718 0.182342649903 2.029834676330 0.458941948783 -2.105065160483 1.149540309808 0.485630001602 1.272439050154 0.290071880457 1.114521882119 1.891663582058
-0.773490733175 0.072813647000 -0.997382413287 -1.814016260751 -0.736878221407 0.272845487982 1.610436297140 0.099553121887 -2.350605530840 1.115087524857 0.559574934079 2.345771856534 -0.138119672205 0.004987940508 0.729576287880
-0.436059128927 2.485434190751 -0.375689622163 -0.290997477665 -1.058317562789 0.267600437139 0.795036579286 -0.496480057759 -1.923853796056 0.678617019393 0.524453662256 2.713645324499 -0.746648414154 -1.455038810392 -0.682473674425
-0.071322407054 4.158656831808 0.122744474145 1.700630602816 -1.354765779566 0.170669840673 -0.418524204049 -1.329517544624 -0.626012244760 -0.059083955087 0.361651397847 2.362432606271 -1.151597192491 -1.835819217197 -2.029834676330
0.045251419040 3.190379308495 -0.103821153456 2.920362034203 -1.318256111932 0.119453461851 -1.708806711484 -2.198653322588 1.253978528068 -1.048598792109 0.057181338605 1.086651121756 -0.208567904119 0.269400209487 -2.356210536153
0.026070988015 0.659282322167 -0.552941487424 2.295223964584 -0.650232038359 0.234741736268 -2.271981190259 -2.384801205455 2.087530235605 -2.118126365524 -0.322827737194 -1.157664996408 2.069069713520 2.698938613311 -0.611716910108
0.037743797244 -1.402485457826 -0.659025211832 0.656402686410 0.358566073822 0.363091215726 -1.855411024759 -1.372712080980 0.852783560629 -2.750154992133 -0.612333974913 -3.049277156398 3.911933753908 3.029119706099 2.492273325674
0.084332190028 -2.498392551658 -0.464906908565 -0.741094830908 1.198391273544 0.358977450359 -1.124086386598 0.137965406004 -0.890270247537 -2.347263096479 -0.675943071904 -2.381921569698 4.127957857755 1.838236054351 3.378121275442
0.143261878914 -2.797514715923 -0.126703973311 -1.529497963539 1.689729124593 0.247340142705 -0.522139669237 1.345664073691 -1.873151637905 -1.161161696970 -0.557260941060 0.007353355594 3.069486028765 0.320256633840 1.744442203977
0.197666425896 -2.343200753179 0.278347649161 -1.753801020188 1.841578488711 0.081606820473 -0.105723769938 2.065264480555 -2.080639678615 0.036098291098 -0.379443433061 1.829802835348 1.625760073133 -1.183787406490 -0.109374736701
0.217566765860 -0.945754657928 0.719857517200 -1.400479997209 1.631827877049 -0.117499423302 0.149329682831 2.337492903732 -1.752515468511 0.907599484147 -0.204916937356 2.547449203662 0.125881220237 -2.818392075162 -1.397703205586
0.154728999875 1.362684777898 1.136119150297 -0.291357432135 0.960718479451 -0.348950147276 0.214532863901 2.129439220284 -0.966529173033 1.459255419894 -0.043451646691 2.462911325366 -1.537005585334 -4.409185142673 -2.283859687757
0.010438679619 3.213159284216 1.368495471479 1.608842213060 -0.152826383393 -0.584257526282 -0.027459383826 1.299435635376 0.329512605916 1.704847212318 0.103872575523 1.764856764612 -3.296257344634 -4.463384001387 -2.878607315725
-0.091942655958 2.663817341488 1.241431543698 3.197424131686 -1.100586501938 -0.686690283926 -0.648637954279 -0.108706249829 2.029731832195 1.508774870502 0.210213410266 0.392144683632 -3.965258437481 -1.664737999987 -2.976977730069
-0.084537878297 0.512935119228 0.777758764744 2.569355004243 -1.101306410877 -0.482904632047 -1.119972621231 -1.259120734778 3.355444143855 0.620201551178 0.190467336503 -1.749532988619 -1.984737523491 1.657076111991 -1.900970976201
-0.021854378513 -1.278404009936 0.192678485388 0.300356293875 -0.546153774568 -0.082018197009 -0.426443202381 -1.138176032981 3.243189771397 -0.706436357689 0.004936518441 -3.984541712640 0.854223378507 2.958054409380 0.630948763200
0.061037993636 -2.148311118906 -0.323650490267 -1.596860871428 -0.122230253474 0.273565396921 1.086136901085 -0.276033656142 1.897525697706 -1.033172171982 -0.026122410082 -4.349124168312 1.482601038353 2.572903126872 2.501992096354
0.141256418298 -2.247144331854 -0.687564459067 -2.510425315357 0.057335604806 0.500233868656 2.254189155045 0.340979726877 0.344579271573 0.100735829430 0.317531264284 -2.319546602317 0.014655289121 1.531349157955 2.162503609423
0.188204765551 -1.662218318700 -0.860496870692 -2.621085603736 0.061655058441 0.605906216527 2.718478998805 0.505273231231 -0.867490271816 1.213560783335 0.666481411560 0.128812278062 -1.498850411553 0.428654351266 0.993268647920
0.176069157718 -0.319485302833 -0.781049777037 -2.026029443365 -0.084280767961 0.599375614007 2.609001417970 0.347407485263 -1.629359617829 1.598660643776 0.794470936548 1.775963931104 -2.357598931964 -0.738009506883 0.034967005622
0.115236852350 1.633524805263 -0.439452985355 -0.633828398957 -0.396669825536 0.476939672264 2.030194630799 -0.031984525730 -1.903696345757 1.434778515959 0.732918722241 2.605607561542 -2.946330178083 -1.937892020372 -0.739603590962
0.098781790881 3.120805251721 -0.125264155432 1.402331191624 -0.814114166176 0.270582917030 0.966786283368 -0.613773792792 -1.540348019695 0.923386058744 0.520545585157 2.775300382940 -3.391850967355 -2.213617144111 -1.380939611715
0.192729907455 2.748252375651 -0.240501007782 2.911980237267 -0.989411992888 0.092868253165 -0.526613389074 -1.385927552223 -0.341802479950 0.107060743682 0.152312162722 2.177004632343 -2.685414609666 -0.525173571195 -1.688083618446
0.274439572062 0.952490948717 -0.576338527950 2.509191185747 -0.532578348856 -0.018357677951 -1.897834230108 -2.079559815206 1.222045424405 -1.003913015807 -0.358051853151 0.410193829181 0.118322176375 2.018161867100 -1.037645891819
0.235204534872 -0.793751027609 -0.706230669421 0.855508930184 0.280404531844 -0.174320807437 -2.347417362680 -2.021864255931 1.533920261309 -2.112675626412 -0.877209042497 -2.406501317767 3.369945166775 3.412676904527 1.753029689182
0.102535601778 -1.853714096545 -0.571299165375 -0.611151267370 0.917421098961 -0.367719201764 -2.030348897001 -1.033429282317 0.205893956630 -2.451341360270 -1.151597192491 -3.845342177026 4.990151656662 3.121987959264 4.578569431669
-0.066385888614 -2.213874254446 -0.271251403902 -1.456890004807 1.224102307089 -0.516431819790 -1.564207858825 0.197923536231 -1.258452247905 -1.742591009562 -1.067727801067 -1.896702944632 4.830177605943 1.859833322529 3.942992682431
-0.236901463086 -1.873820124777 0.115699650954 -1.763468368801 1.249761918567 -0.593359232157 -1.154785360651 1.162395826580 -2.031634448678 -0.736364000736 -0.761200859140 0.926882759306 3.891622037408 0.223223193240 1.581948471972
-0.390447755418 -0.714355356021 0.537309179028 -1.550632433113 1.020265233142 -0.600609743617 -0.799407454989 1.756732078012 -2.151704975334 0.041549030209 -0.399086662689 2.573931568214 2.698938613311 -1.663246760042 -0.359080294493
-0.528258895221 1.135964884096 0.913667288064 -0.675223162965 0.509952639336 -0.544096891884 -0.495503038484 1.967871085486 -1.769227640315 0.558392226536 -0.056924228269 3.100544957288 1.140438603933 -3.556555848246 -1.701196245554
-0.684067758505 2.573880146147 1.104751689372 0.948737137819 -0.251196797737 -0.443155374186 -0.295162665099 1.714977359535 -0.915467060412 0.869547154500 0.241478027057 2.869659876051 -0.838899602514 -4.279087312934 -2.615943397027
-0.821416099703 2.171245360828 1.016460000178 2.614349312947 -0.952902325254 -0.317634108418 -0.304881435779 0.919477981645 0.398469597884 0.930945102606 0.462541493479 1.911615344089 -2.418636925601 -2.599642601759 -3.009322210269
-0.782849549385 0.410708049852 0.699288690363 2.677906987871 -1.125011983806 -0.100375874961 -0.501982218937 -0.154420467473 1.863947087896 0.552118734350 0.502187907206 -0.012546984370 -1.944782577362 0.366536494221 -2.450878561666
-0.533761056399 -1.197311410135 0.283438433803 0.949302780557 -0.828100968425 0.250271200529 -0.395589962127 -0.733535787046 2.725626666131 -0.390602021619 0.216949701055 -2.775248960873 0.370341727186 2.541792776282 -0.484550138194
-0.166710341507 -2.035645369911 -0.104129685858 -0.934750335571 -0.463621356888 0.589399732991 0.466500992645 -0.458633416380 2.533205291078 -1.132365339399 -0.092302610427 -4.605051796221 1.767479290034 3.049791377069 1.586010815272
0.223223193240 -2.119771871671 -0.381706004013 -2.040530466284 -0.186404993203 0.806966498851 1.637330038228 0.085463475504 1.665560753061 -0.480333528692 0.219983603013 -3.586329225091 0.660310763509 2.000678364289 1.495713665461
0.541320100261 -1.516488180565 -0.514889157777 -2.354565030006 -0.000874175141 0.892635662624 2.473401427052 0.373324207077 0.670749443128 0.812725770365 0.804498239631 -1.158847703951 -1.472625157337 0.339539908998 0.110351755976
0.680622480010 -0.239421144373 -0.477916691539 -1.973578934933 0.081658242540 0.856280261191 2.767587072877 0.326632970159 -0.160025472786 1.590690223377 1.082485934322 0.757395626176 -3.065166575129 -1.251304580580 -0.975682300975
0.601278230489 1.458072712351 -0.284055498608 -0.859417007283 0.017792035213 0.707104844561 2.541072867343 0.031984525730 -0.702939657127 1.766296582491 1.031063867231 1.852428544867 -4.049024984772 -2.538707452257 -1.572589655761
0.501570842401 2.677392767200 -0.104695328596 0.871963991653 -0.192009998516 0.488509637360 1.814684747623 -0.431071188419 -0.859211319015 1.550169634510 0.763874806629 2.322786192544 -4.738440638254 -2.818083542760 -1.847389182293
0.671109397598 2.456894943516 -0.160282583121 2.334047625237 -0.314188829923 0.289609081854 0.629611789456 -0.994502777530 -0.526613389074 1.014197429226 0.323701912335 2.187700422297 -4.649069085650 -1.472213780800 -1.790722064359
0.981390150422 1.087730985165 -0.364119657068 2.269770041374 0.012855516773 0.083406592821 -0.703196767462 -1.498953255688 0.160899647926 0.104746750663 -0.284672563413 1.134473644150 -2.652607330862 0.683193583364 -1.014660227829
1.100637924005 -0.400475058501 -0.483367430651 0.936601529986 0.648997908749 -0.263486671772 -1.581177140965 -1.606528220041 0.491389273117 -1.097038379308 -0.977224962987 -1.163167157587 0.641387442820 2.335281754847 1.418580564825
0.942515067701 -1.432515945007 -0.450920106316 -0.392350371900 1.125011983806 -0.672137838940 -1.818489980588 -1.130822677387 -0.077287366837 -1.918814433481 -1.461415146711 -3.453300337528 3.187345406536 2.900050317702 4.653748493756
0.584823169020 -1.894440373680 -0.297116703649 -1.168720740832 1.266782622774 -0.973831106560 -1.758891804830 -0.358771762090 -1.014660227829 -1.643500686279 -1.456015829667 -2.867191616831 3.986444329122 2.442496764731 5.153159609338
0.107369276085 -1.749790098955 -0.057489871007 -1.432978743610 1.120589686036 -1.113596284911 -1.623960300784 0.359028872426 -1.660264280150 -0.832986064799 -1.077857948284 -0.113539924136 3.782555833109 1.347926644643 2.944787516071
-0.424232053496 -0.904719848390 0.240655273983 -1.238397641740 0.737135331742 -1.096061360034 -1.441206274345 0.879780145851 -1.843738215529 -0.214532863901 -0.592485057017 2.060585072450 3.318060301080 -0.119453461851 0.638250696727
-0.924774454555 0.577469813426 0.553815662564 -0.524505084323 0.153494870265 -0.926060006232 -1.205796051205 1.152214257296 -1.601643123667 0.131331959349 -0.132668933093 3.027679888220 2.523537942465 -1.749944365156 -1.054100953288
-1.322472721433 1.987925691651 0.775547615859 0.677588578051 -0.525019304994 -0.633057067951 -0.942155113232 1.118738491620 -0.972854087285 0.291306010068 0.263846626241 3.111240747242 1.295578980345 -2.845285816250 -2.281288584402
-1.612236069488 2.154636033158 0.779507115025 1.829391458811 -1.076212442137 -0.293362892751 -0.704533741207 0.754207458016 -0.027665072095 0.275056636867 0.556952408657 2.430823955501 0.212270292950 -2.389994834231 -2.889611638082
-1.729632648655 0.936190153449 0.551758779881 1.969310903364 -1.314707989302 0.046279860381 -0.496531479826 0.239523988507 0.982829968300 -0.007764732131 0.626063666827 0.767371507191 0.264309424845 -0.486864131213 -2.348240115754
-1.557471568036 -0.613465260389 0.200494639586 0.927242713776 -1.275678640381 0.399189506823 -0.150512390374 -0.015323775993 1.637124349960 -0.649614973554 0.299739229070 -1.947456524851 1.430716172658 1.605345512498 -0.289711925988
-1.114367615918 -1.689986234929 -0.139250957681 -0.427317377522 -1.075698221466 0.716617926973 0.494988817813 0.176737644590 1.713023320985 -1.272747582556 -0.139610912151 -4.214346930467 2.319700868519 2.728660568089 1.923596685721
-0.515711910850 -2.092929552650 -0.374661180821 -1.390298427925 -0.784186523130 0.930070927466 1.293779207996 0.534480965338 1.365307303319 -0.927037025507 0.165784744300 -3.648035705600 1.539113890085 2.176901788208 1.727267233569
0.108449139494 -1.844355280334 -0.480282106625 -1.779974852337 -0.449480288438 1.017796973922 1.946376661442 0.720114627535 0.854480488843 0.187022058008 0.939943964347 -1.268479550988 -0.461873006607 0.633931243091 -0.123670071353
0.619584486373 -0.991571719706 -0.460587454929 -1.585239484265 -0.124287136158 0.981647260757 2.256657414266 0.598964237470 0.379494855128 1.083462953596 1.343298658605 0.664784483346 -2.374516792037 -0.825838397473 -1.565493410503
0.899371953413 0.314034563722 -0.326684392226 -0.795293689621 0.126035486439 0.836534187428 2.143528866667 0.177046176993 0.080938333600 1.508723448435 1.287402871677 1.708703867350 -3.756279156825 -1.904004878159 -2.299749106488
0.970334405997 1.628588286823 -0.128503745659 0.438630232282 0.259115796069 0.627400640571 1.586987834546 -0.469586316670 0.055073033854 1.589456093767 0.947091631672 2.125325454917 -4.585357144525 -2.364952287558 -2.679449649884
1.067676379000 2.309570721302 0.047513989992 1.519727770792 0.367256403160 0.425723293442 0.679594038668 -1.173143038602 0.300870514546 1.386441772894 0.412970620804 2.017647646429 -4.653337117219 -1.916500440462 -2.792321087147
1.363404686837 2.055185755405 0.156168817754 1.667617635744 0.663293243400 0.227594068942 -0.241683715325 -1.622417638772 0.549753319264 0.810925998017 -0.297476658118 1.160184677695 -3.600213183206 -0.798276169513 -2.094009416059
1.703150284104 1.152934166236 0.204094184282 0.869495732433 1.139101630188 -0.070911030518 -0.774364908316 -1.505226747873 0.304521481310 -0.255567673440 -1.122029503914 -0.866307564273 -1.542610590647 0.335271877430 0.427985864394
1.829751413281 0.081555398406 0.187433434545 -0.146861423610 1.508723448435 -0.470409069744 -0.933207673558 -0.886927813177 -0.505478919499 -1.399143023465 -1.767684978302 -3.433245731363 0.649820661822 1.064231100505 4.221494597793
1.636507285155 -0.826249774010 0.115699650954 -0.842344881009 1.582154160240 -0.840699374862 -0.991108921102 -0.161053914127 -1.342373061397 -1.461723679114 -1.802497717723 -3.641093726543 1.658824462272 1.207801511821 5.708260823580
1.142598330750 -1.381710942721 0.030184753382 -1.092358971203 1.354457247163 -1.085005615609 -1.050861363061 0.399549461293 -1.792573258774 -0.541268678194 -1.273518913563 -0.963135316605 1.542096369976 0.901634524364 3.810735125874
0.411068004321 -1.459666796430 -0.021237313708 -0.910633386105 0.875923490819 -1.173040194468 -1.087988095500 0.718520543455 -1.796069959336 0.227491224808 -0.598964237470 1.619178048545 1.360267940744 0.464289843760 1.371066574833
-0.455136715818 -0.997433835354 0.003085324025 -0.320308055907 0.210213410266 -1.097038379308 -1.076366708338 0.769222701606 -1.391378291334 0.566876867605 -0.006633446655 2.930492181419 1.285294566927 0.025093968740 -0.445315101004
-1.299229947108 -0.108294873293 0.110094645641 0.521831136834 -0.529133070361 -0.882556937474 -1.016717110513 0.524865038793 -0.623749673808 0.626732153699 0.466089616108 3.260261897671 1.167538033289 -0.353115334710 -1.864101354097
-1.952084510889 0.801412915605 0.240501007782 1.191346450352 -1.190215164876 -0.593513498358 -0.913513021862 0.057952669611 0.349772900349 0.485012936797 0.804446817563 2.824357034945 1.189186723534 -0.473802926172 -2.821271710919
-2.323403257349 1.185741445039 0.279736044972 1.239220394813 -1.659852903614 -0.270840027366 -0.707156266628 -0.311103505897 1.152728477967 0.104181107925 0.897417914863 1.427476582432 1.687363709507 -0.112460060727 -2.589255344207
-2.398839429771 0.832677532396 0.147272800147 0.668692560445 -1.878602377017 0.089577240872 -0.281690083522 -0.200906016123 1.414055422921 -0.591302349473 0.506404516707 -1.291516637045 2.602522237516 0.740734876438 -0.359594515164
-2.173353665579 0.050959268487 -0.110865976647 -0.122590207944 -1.819415577795 0.462438649345 0.341956746152 0.328381320440 1.157870684676 -1.398834491062 -0.256647536849 -4.384965349074 3.352615930165 1.696979636053 2.875624835834
-1.661241299425 -0.704636585341 -0.361651397847 -0.777244544073 -1.509803311844 0.787169003021 0.955422006541 0.869341466232 0.687667303201 -1.541993525842 -0.255670517574 -4.551572846447 3.025263051067 1.600768948527 3.438593626340
-0.933927582497 -1.183016075484 -0.519619987949 -1.128354418166 -1.024070466107 1.006638385363 1.376465891878 1.140695714268 0.233970405262 -0.845121672632 0.655168556800 -1.672194199715 1.530989203485 0.411582224992 0.951153974973
-0.105003860999 -1.320055884280 -0.578035456164 -1.089787867849 -0.459147637051 1.079709142699 1.516796712968 1.056569212508 -0.084023657626 -0.060935149502 1.270382167470 0.942309379433 -0.261069834618 -0.547490748312 -1.359753720074
0.696717587009 -1.107374214794 -0.540034548584 -0.616961960952 0.083406592821 1.000570581447 1.332140070046 0.608528741949 -0.172006814418 0.469792004939 1.314810833436 2.286379369044 -1.881327746572 -0.899320531345 -2.575062853690
1.338824938768 -0.566105536599 -0.395898494530 0.167481672514 0.518385858339 0.810308933212 0.817456600537 -0.152929227527 0.030184753382 0.788351710564 1.023659089570 2.770466708634 -3.111754967913 -0.822650229314 -3.215061900698
1.711326392771 0.223634569777 -0.131897602087 0.877414730765 0.844813140230 0.587702804777 0.097393395069 -1.028389919743 0.444852302400 0.945240437257 0.536949224559 2.680786623628 -3.631117845527 -0.576852748621 -3.581649816986
1.781826046752 1.101769209481 0.252482349414 1.068190599671 1.159773301159 0.379289166859 -0.489898033171 -1.594803988744 0.724588347372 0.880808587193 -0.121561766602 1.919431498286 -3.240721512176 -0.545022489092 -3.276202738469
1.647511607512 1.818952779192 0.698825891760 0.670646598994 1.502141423847 0.147478488415 -0.646118272992 -1.481006954273 0.460330344594 0.377232284176 -0.942103691165 0.049108074071 -2.048912263220 -0.897932135534 -1.355845642975
1.515202628888 2.061510669657 1.044536448809 0.023808417063 1.755343682201 -0.153340604064 -0.483264586516 -0.822187430710 -0.267960391608 -0.706384935622 -1.752875422980 -2.991221642653 -0.348795881075 -1.241997186436 2.368294721919
1.517979420511 1.613110244628 1.088965114775 -0.490720786244 1.777609437251 -0.484241605791 -0.293568581020 -0.073584978006 -0.973162619687 -1.421717310918 -2.075806004309 -4.842210369642 0.687924413536 -1.241174433363 5.210598058278
1.527492502923 0.601741029093 0.782849549385 -0.671829306537 1.525744152642 -0.759246820591 -0.197409315560 0.472671640696 -1.335842458877 -0.551861624015 -1.617943918935 -2.943656230595 -0.106340834743 -0.981955793160 4.255793116542
1.294499116936 -0.536023627351 0.282255726260 -0.509644106934 1.047004708029 -0.930636570204 -0.191392933711 0.736312578669 -1.318513222267 0.764029072830 -0.771793804961 0.178023196267 -1.357336882920 -0.475242744050 1.788665181675
0.719291874462 -1.378728462830 -0.200751749921 -0.130663472477 0.428602929199 -0.992497316913 -0.262458230430 0.688541478342 -0.948531449551 1.461826523248 0.009924458948 2.124656968044 -1.787688162401 0.251762440475 0.016660749737
-0.110403178043 -1.720788053116 -0.532321238521 0.237621372025 -0.249345603322 -0.964472290349 -0.400937857104 0.317685530485 -0.256750380983 1.612750290159 0.602769470435 2.912083081401 -1.339030627036 1.049781499652 -1.158847703951
-1.021345096551 -1.540759396232 -0.670080956256 0.394870053188 -0.935984465181 -0.868775823494 -0.541011567859 -0.251453908072 0.595313270706 1.429533465115 1.022836336497 2.941547925844 -0.262921029034 1.705515699190 -1.998364371270
-1.821112506009 -0.915158528009 -0.622104167661 0.335374721564 -1.565853364972 -0.695483457399 -0.509438418665 -0.635216794769 1.220657028594 0.964575134483 1.241791498168 2.243441943023 1.030035425889 1.875054254387 -2.146974145162
-2.346594609607 0.007867576265 -0.425260494838 0.193655504663 -2.018007600899 -0.422792235618 -0.168407269721 -0.465626817504 1.272747582556 0.162956530610 1.089376491312 0.442229776978 2.158492688190 1.387007415632 -0.867233161481
-2.519475599165 0.969923029461 -0.159614096249 0.052913307036 -2.179215781227 -0.055998631062 0.348384504538 0.124955623030 0.826404040211 -0.897777869333 0.386642522453 -2.653275817735 3.015390014186 0.697694606284 2.042535926901
-2.371071513542 1.561842443739 0.028693513436 -0.085000676901 -2.015950718215 0.366125117684 0.764954670038 0.695329191197 0.225742874527 -1.625862917267 -0.292745827946 -4.957344377858 3.316826171470 0.051730599493 4.336680028076
-1.954295659774 1.365255881252 -0.017637769012 -0.223840258045 -1.573772363304 0.766857286520 0.925802895897 0.972648399016 -0.257470289922 -1.594238346006 0.010078725150 -3.403266666249 2.846262835525 -0.774056375913 2.911414594529
-1.248990587561 0.374712602888 -0.297888034655 -0.334911922960 -0.941589470494 1.051427005799 0.801618603874 0.889241806196 -0.502187907206 -1.266422668304 0.602152405630 -0.128400901525 2.048295198415 -0.924517344220 -0.123258694816
-0.299276430467 -0.817302334336 -0.586365831033 -0.331980865136 -0.231707834310 1.156636555066 0.418215671647 0.463261402418 -0.458890526715 -0.942000847031 0.758835444054 2.048655152885 1.155196737188 -0.172983833692 -2.159932506069
0.685250466048 -1.605499778699 -0.681753765486 -0.157505791498 0.439710095691 1.082794466724 -0.139919444553 -0.191907154382 -0.160488271389 -0.625703712357 0.587702804777 3.007059639317 0.237929904428 0.770199720881 -3.247663491233
1.487897511263 -1.788613759608 -0.542759918140 0.121510344535 0.989874791492 0.885693683566 -0.684376290907 -0.795807910292 0.183319669178 -0.305498500585 0.269657319822 3.215678965503 -0.619790174642 1.324683870318 -3.741983822174
1.972601915658 -1.390144161724 -0.193758348797 0.345144914311 1.393640862286 0.635422483037 -0.968483211582 -0.990440434230 0.248111473712 -0.009615926546 -0.139148113547 2.797720404192 -1.339647691841 1.126554645818 -3.487598856278
2.034359818234 -0.445726477540 0.347716017666 0.374918291157 1.660778500821 0.367256403160 -0.891452955081 -0.678874129729 -0.067928550627 0.137348341199 -0.642415884161 1.487331868525 -1.654916385173 0.106340834743 -2.134478582859
1.610899095743 0.964060913812 1.031115289298 0.205276891825 1.789333668547 0.071990893927 -0.579475274043 -0.130612050410 -0.507690068384 -0.133645952368 -1.206156005674 -1.044947825346 -1.102386274286 -1.416729370410 0.449428866371
0.911661827447 2.389891990097 1.653013768691 -0.013318315376 1.738734354530 -0.252533771481 -0.213401578425 0.341802479950 -0.764748981770 -0.774056375913 -1.632033565318 -3.830789732040 0.089628662939 -2.838755213730 3.195212982801
0.548879144124 2.844874439714 1.820752551540 -0.080372690862 1.470002631916 -0.544868222891 0.099450277753 0.583383351142 -0.721245913011 -0.603797911776 -1.569298643467 -4.086665937882 0.036252557299 -3.329218889639 3.532181788445
0.782900971453 1.797458355148 1.300618342920 0.055278722122 1.017385597385 -0.742328960518 0.305498500585 0.565539893861 -0.423614988691 0.737906662748 -0.941178093957 -1.826511823054 -1.880916370036 -2.439205752437 1.691940273478
1.043353741266 0.074561997281 0.378980634457 0.205174047691 0.488972435963 -0.853297781299 0.367050714892 0.313160388581 0.040006368196 1.940617389928 -0.127732414653 0.326941502561 -3.555938783441 -0.748653874770 0.107266431951
0.883893911218 -1.295373292076 -0.486812709146 0.121407500401 -0.037023888305 -0.920403578853 0.279633200838 -0.113694190337 0.592279368748 2.455557969772 0.553250019826 1.499107521889 -3.740132627759 0.892944195026 -0.684376290907
0.359543093097 -1.985765964833 -1.080634739906 -0.210367676467 -0.564922829056 -0.949302780557 0.138531048742 -0.549341942728 1.092256127069 2.437971622827 1.027258634267 1.943805558087 -2.725729510265 2.072926368551 -1.006484119162
-0.334089169887 -2.060225117980 -1.381608098587 -0.547387904178 -1.091073419526 -0.897057960393 0.141719216901 -0.723611328097 1.315736430644 2.029114767390 1.295733246546 1.853868362746 -1.289151221958 2.580050794198 -0.890835890275
-1.044536448809 -1.588170542089 -1.397137562848 -0.644884143382 -1.546518667746 -0.721657289548 0.393944455980 -0.490206565574 1.109122565075 1.228524604859 1.307354633708 1.104803111439 0.067054375486 2.317746829969 -0.095182246184
-1.640981004991 -0.542914184341 -1.086394011421 -0.419758333660 -1.835356418593 -0.409885296778 0.750093692649 -0.007096245258 0.549959007533 0.073070757336 0.969974451528 -0.575001554206 1.237420622465 1.415392396665 1.521167588671
-1.990702483274 1.047776039036 -0.424694852100 0.038669394452 -1.887087018086 0.015426620127 0.973471152090 0.434567888982 -0.123104428615 -1.012963299615 0.416210211030 -2.644276955994 1.991525236347 -0.011415698894 3.176598194514
-2.011374154244 2.598768426619 0.320873698645 0.494063220605 -1.686181001964 0.482184723107 0.927911200648 0.639176293935 -0.661493471052 -1.501524359042 0.130972004879 -3.007008217250 2.091026936167 -1.682632879335 2.865340422416
-1.708703867350 2.769335423158 0.510878236544 0.664218840608 -1.262720279474 0.881322807864 0.587394272375 0.528567427623 -0.896749427991 -1.641598069797 0.139353801815 -1.123777854195 2.098945934499 -2.173867886250 0.627760595041
-1.098375353053 1.180650660397 0.048542431333 0.453234099335 -0.667972651505 1.127274554758 0.004370875703 0.107626386420 -0.767217240990 -1.739197153134 0.055021611787 0.963238160739 2.379813264947 -0.674966052630 -1.372043594108
-0.301590423486 -0.775341927590 -0.414976081420 0.048696697535 0.019797495830 1.187026996717 -0.676971513246 -0.476168341258 -0.370136038917 -1.729581226588 -0.166813185642 2.185232163077 2.659446465785 1.398577380727 -2.587198461523
0.448349002962 -2.031840136946 -0.533761056399 -0.290843211464 0.689261387281 1.075184000795 -1.236443603191 -0.871192660647 -0.027253695558 -1.568373046260 -0.423974943161 2.630752952349 2.647310857952 2.637900619675 -3.145384999791
1.011420637603 -2.468464908611 -0.359748781365 -0.439812939825 1.240145992021 0.837974005306 -1.497462015742 -0.736981065541 -0.071733783591 -1.281540756029 -0.664784483346 2.442033966127 2.207343651926 2.630495842014 -2.848731094746
1.328643369484 -2.201173003875 0.015118087725 -0.406234330015 1.608225148255 0.524762194658 -1.443314579096 -0.131486225550 -0.454519651013 -0.937681393395 -0.873146699196 1.510111844246 1.458638355089 1.597683624501 -1.595575319751
1.318101845730 -1.223228131948 0.559009291341 -0.233918983195 1.753235377450 0.172212502686 -1.164041332727 0.562043193299 -0.823627248588 -0.681239544815 -1.036771716678 -0.272022734909 0.761098015006 -0.055073033854 0.364171079135
0.878597438308 0.476374029526 1.230015844804 0.072402270463 1.646226055835 -0.177406131462 -0.753796081479 1.030292536225 -0.913153067393 -0.570065035765 -1.129074327106 -2.170628296023 0.373067096741 -2.023355495876 2.031223072141
0.163830705750 2.316615544493 1.809131164377 0.523168110579 1.291979435648 -0.452359924195 -0.287603621237 1.154271139980 -0.669515313518 -0.147992709086 -1.033583548519 -2.542101308685 -0.250888265334 -3.728974039200 1.854896804088
-0.149381104898 2.840349297810 1.819209889527 0.980104598745 0.790562859449 -0.601586762892 0.153083493728 0.928939641990 -0.176583378389 0.899166265144 -0.600146945013 -1.324786714452 -1.882921830652 -3.959756276302 0.283592700004
0.260761302216 1.566264741509 1.048187415572 1.058574673125 0.319588146967 -0.679953993137 0.482544677577 0.430248435346 0.440121472227 1.976921369294 0.050187937480 -0.039954946129 -3.778802022211 -2.366340683370 -0.768554214734
0.765417468642 -0.137656873601 -0.032035947797 0.489743766970 -0.039543569593 -0.781872530111 0.650591992829 -0.188667564155 1.058111874521 2.600465354833 0.667047054298 0.631925782475 -4.506064317072 -0.300973358681 -0.876026334953
0.915158528009 -1.244979666328 -0.920506422987 -0.444800880333 -0.360108735835 -0.890167403403 0.701448417181 -0.726028165250 1.541839259641 2.743367279277 1.117452939943 0.791231346321 -3.914916233800 1.213766471604 -0.521831136834
0.740066389566 -1.667051993006 -1.475967591698 -1.214897757080 -0.690546938958 -0.910787652307 0.773747843510 -0.996148283677 1.739145731067 2.465585272854 1.353634494090 0.581635000860 -2.764244638516 2.000266987753 0.066128778278
0.362217040585 -1.540348019695 -1.707418315672 -1.509443357374 -0.996199705744 -0.786089139612 0.969974451528 -0.928733953721 1.539062468018 1.755703636670 1.334454063065 -0.033424343609 -1.578297505208 2.130724771961 0.987715064674
-0.146655735342 -0.878340327972 -1.582822647112 -1.241585809900 -1.224616527760 -0.507947178720 1.232535526092 -0.610637046699 0.950794020503 0.694300749856 1.053175356080 -1.086239745219 -0.538440464504 1.660418546352 2.225907018146
-0.720320315803 0.402017720513 -1.014763071964 -0.443926705192 -1.336356679547 -0.098627524680 1.387933012839 -0.216692590719 0.145781560202 -0.280301687710 0.673886189221 -1.960569151959 0.057027072403 0.477145360533 2.928075344266
-1.199059760416 2.077657198724 -0.106752211280 0.638867761532 -1.309000139855 0.358926028292 1.288328468885 0.095747888922 -0.607808833009 -0.799150344653 0.402171986715 -1.504455416866 0.071219562920 -1.266936888975 1.859781900461
-1.317227670590 2.977029152136 0.503524880950 1.420431759240 -1.130616989118 0.727005184525 0.887184923512 0.230627970901 -1.091639062264 -1.128405840234 0.139662334218 0.056512851732 0.137965406004 -2.217011000539 -0.195095322541
-0.990337590096 1.962420346374 0.330078248654 1.351320501071 -0.773285044907 0.927037025507 0.238804079568 0.141410684499 -1.208058622157 -1.472728001471 -0.226359939332 1.440126410936 0.872889588861 -1.104340312835 -1.489234485007
-0.479202243216 -0.067002953419 -0.090348571878 0.582560598068 -0.238495547166 0.972031334211 -0.510106905538 -0.133800218569 -0.993885712725 -1.733077927150 -0.618813155367 2.136689731744 2.139415101299 1.058317562789 -2.024641047553
-0.036509667634 -1.672502732118 -0.227028426204 -0.263126717302 0.369056175508 0.886773546975 -1.161264541104 -0.418524204049 -0.649923505957 -1.829957101549 -0.948017228880 2.220764811437 3.290292384851 2.669833723338 -2.230946380721
0.260658458082 -2.444605069481 -0.073584978006 -0.792979696602 0.910119165434 0.699802911034 -1.576240622525 -0.459507591521 -0.454622495147 -1.754829461530 -1.169029273235 1.707109783270 3.862979946038 3.162971346735 -1.878808065285
0.406440018283 -2.466767980397 0.246208857229 -0.963649537276 1.300618342920 0.444955146534 -1.745933443923 -0.150512390374 -0.513603606100 -1.536439942596 -1.248476366890 0.417187230305 3.839480061378 2.564984128540 -0.595107582438
0.373787005681 -1.755909324939 0.667098476365 -0.838796758380 1.497976236413 0.148249819422 -1.720325254512 0.358206119352 -0.665350126084 -1.276912769991 -1.192220625493 -1.568990111065 3.462453465470 1.091896172599 1.418786253093
0.094050960708 -0.237004307220 1.161213119037 -0.414204750414 1.452467707038 -0.148095553221 -1.523995802361 0.824604267863 -0.685353310182 -1.042993786796 -1.084388550804 -2.899021876360 2.887143378862 -0.955730538944 2.571103354524
-0.420066866062 1.700784869018 1.607248128980 0.376615219371 1.118892757822 -0.355892126333 -1.156173756462 1.091021997459 -0.487481196018 -0.502856394078 -0.845738737437 -1.965659936601 1.702378953097 -3.065115153062 1.201630863770
-0.774519174517 2.563184356192 1.619229470612 1.397291829050 0.565334205593 -0.402120564648 -0.635113950635 1.109688207813 -0.137502607400 0.490463675909 -0.299173586332 0.081709664607 -0.477968113606 -3.939033183265 -1.161573073507
-0.499719647985 1.451747798098 0.906365354537 1.976561414824 0.050856424352 -0.364736721873 -0.025505345277 0.905234069061 0.275725123739 1.457507069613 0.379854809597 1.446142792786 -2.908689224973 -2.787744523176 -2.263856503658
0.138942425278 -0.267446170938 -0.137399763266 1.386338928759 -0.227748335144 -0.431174032554 0.561888927098 0.539314639645 0.710447278922 2.086604638398 0.963135316605 1.868215119464 -4.173672075399 -1.007049761900 -2.010191446701
0.661647737253 -1.342527327598 -0.989977635626 -0.035995446963 -0.383042977757 -0.605186307588 1.014557383695 0.080732645332 1.131851118729 2.358318840904 1.369112536284 1.646843120640 -3.997962872151 0.275622279605 -1.183478874087
0.930379459868 -1.657898865064 -1.500290229432 -1.337487965023 -0.550987448875 -0.720011783401 1.278558276138 -0.395795650395 1.469539833312 2.265193477403 1.554591932279 0.916701190022 -3.136488982184 1.050604252726 -0.165784744300
0.964626556550 -1.392612420944 -1.683969853079 -2.020784392522 -0.721708711615 -0.681753765486 1.385978974290 -0.805835213375 1.613573043232 1.695642662309 1.440383521271 -0.442692575582 -2.025566644761 1.480389889468 1.195048839183
0.754515990419 -0.581069358122 -1.510471798716 -2.002066760101 -0.844298919559 -0.484293027858 1.423722771534 -1.063459769498 1.443571689431 0.644318500644 1.001290490386 -2.442291076462 -0.820284814227 1.487794667129 2.993587057739
0.248471428181 0.856434527392 -0.887750566250 -1.250533249573 -0.889241806196 -0.137039808796 1.437658151716 -1.118121426815 0.929402440593 -0.251299641871 0.540754457523 -3.828012940417 -0.183679623647 0.610482780498 3.923298030735
-0.450765840115 2.653635772204 0.058106935812 0.205019781490 -0.854171956440 0.309715110086 1.363507530971 -0.981955793160 0.220909200221 -0.349464367947 0.364171079135 -2.646539526946 -0.768142838198 -1.181473413471 2.058065391162
-0.787528957491 3.473972008499 0.602100983562 1.816073143435 -0.745157174208 0.682730784760 1.107579903062 -0.709058883111 -0.451794281457 -0.245848902760 0.154420467473 0.019694651696 -1.890326608313 -2.174227840720 -0.852680716494
-0.373324207077 2.164406225905 0.297425236051 2.346440343406 -0.514529203307 0.785677763075 0.649974928024 -0.382065958482 -0.934236114900 -0.396721247603 -0.246517389632 1.987000094443 -2.226164128481 -1.021293674484 -2.136432621408
0.245540370357 -0.099141745350 -0.168664380057 1.321032903554 -0.096364953728 0.630383120462 0.068905569901 -0.081658242540 -1.187746905656 -0.667047054298 -0.678257064923 2.875727679968 -0.968277523314 0.955781961011 -2.150008047120
0.578806787170 -1.809851073317 -0.285392472352 -0.176120579785 0.413176309072 0.385099860441 -0.500902355528 0.159099875578 -1.261691838132 -0.913101645326 -1.035280476733 3.011019138483 1.011574903804 2.272906787466 -1.849497487043
0.620818615983 -2.648802097898 -0.106340834743 -1.174222902011 0.841419283802 0.167018873910 -0.964986511020 0.347870283867 -1.224770793961 -1.079452032363 -1.282054976700 2.493044656681 2.597637141143 2.741721773130 -1.329209012222
0.467375167785 -2.744858519223 0.228313977882 -1.527852457392 1.107322792726 0.002828213690 -1.306788990970 0.482493255510 -1.101820631548 -1.136941903371 -1.375951671207 1.039239975899 3.504156761881 2.530942720126 -0.168818646258
0.144958807128 -2.094935013266 0.651774700372 -1.385567597753 1.195923014323 -0.116728092295 -1.548009907692 0.531344219246 -0.867901648353 -1.077395149680 -1.287711404080 -1.673222641057 3.866116692131 1.655224917575 2.005717726864
-0.375226823559 -0.495143084014 1.145426544440 -0.820130548026 1.089582179580 -0.193398394327 -1.696773947785 0.461873006607 -0.489795189037 -0.985709604057 -1.145992187178 -4.354214952954 3.877738079293 0.089782929140 3.891827725676
-1.063562613632 1.906370293245 1.633884759733 0.215098506639 0.761200859140 -0.192421375053 -1.718782592499 0.304830013712 -0.007507621795 -0.844196075424 -0.946114612398 -3.778442067741 3.411751307319 -2.026337975767 2.344332038655
-1.597066559696 3.350713313683 1.734054946425 1.594598300476 0.262355386296 -0.088291689194 -1.532274755162 0.202397256068 0.409833874711 -0.402583363251 -0.331723754801 -0.693632262983 1.937634910036 -3.483587935045 -1.362221979294
-1.503375553457 2.048449464616 1.006329852961 2.517213028213 -0.194221147401 0.023448462593 -1.053226778147 0.311360616233 0.614082325195 0.192164264717 0.473185861367 1.657436066460 -0.152826383393 -2.638774794815 -3.301605239611
-0.884048177420 -0.350595653423 -0.145318761598 1.975481551415 -0.443206796253 -0.029156312040 -0.305447078517 0.606009060661 0.645655474388 0.685456154316 1.114161927649 2.649881961307 -1.471339605660 -0.926111428300 -3.121268050325
-0.184142422251 -1.912026720625 -1.067727801067 0.333266416813 -0.576904170688 -0.218543785135 0.529441602764 0.863633616785 0.644678455113 1.021396518618 1.527338236721 2.781316764790 -1.699705005609 0.098061881942 -2.139980744037
0.385305548709 -2.466253759727 -1.604574181491 -1.204973298131 -0.688130101805 -0.366279383885 1.227599007651 0.878288905905 0.696769009076 1.193197644768 1.721405117921 2.311730448120 -1.601077480929 0.554844103906 -1.037491625618
0.785729185143 -2.318723849244 -1.813707728348 -2.069583934191 -0.762177878415 -0.390756287821 1.651522528745 0.588474135783 0.794933735152 1.108865454739 1.630645169506 1.094775808356 -1.476378968235 0.862193798906 0.314754472661
0.969511652924 -1.558654275580 -1.688649261184 -2.227809634628 -0.769634078143 -0.295574041636 1.765782361820 0.042063250880 0.876283445289 0.581532156726 1.130359878783 -1.236700713526 -1.089119380976 1.156173756462 2.344691993125
0.778272985414 -0.030081909248 -1.103928936298 -1.669468830160 -0.690289828623 -0.084126501760 1.604779869760 -0.650283460426 0.861988110638 -0.277884850557 0.376460953169 -4.102041135942 -0.435802018592 0.994245667194 4.428057041295
0.021597268178 2.304531358727 -0.010438679619 -0.290946055598 -0.520854117559 0.251813862542 1.240248836155 -1.329003323953 0.717749212449 -0.541782898865 0.005553583246 -4.589882286429 -0.429322838138 -0.460330344594 3.630449358655
-0.833860239939 4.289525992554 0.971722801809 1.664892266188 -0.302516020693 0.625189491686 0.789020197436 -1.769690438919 0.456576533696 0.031675993328 -0.049262340273 -1.880710681767 -1.651985327349 -2.167748660266 -0.172521035089
-0.491852071720 3.830789732040 0.921380598127 2.866934506496 -0.060678039167 0.762949209421 0.411685069126 -1.739197153134 0.067054375486 0.523013844377 -0.288169263975 0.922871838073 -3.309472815876 -1.742591009562 -2.674564553510
0.766857286520 1.440897741942 0.315782914003 2.023561184145 0.280198843576 0.479253665283 0.184656642922 -1.197928474940 -0.459456169453 0.647043870200 -0.629868899791 2.460803020615 -3.622016139652 0.106752211280 -2.796794806984
1.635633110014 -0.772256603565 -0.032910122938 0.097547661271 0.674554676093 -0.007044823191 0.036201135232 -0.370393149253 -1.030292536225 0.550678916472 -0.916444079687 3.033593425936 -2.319855134720 1.384693422612 -1.963294521515
1.846720695420 -2.100488596512 -0.068391349230 -1.382636539929 0.957581733359 -0.392864592571 -0.143570411317 0.430299857413 -1.475453371027 0.337123071845 -1.108556922337 2.916711067439 -0.657585393953 1.821215350144 -0.980258864946
1.625965761401 -2.685363187599 0.052039131896 -2.037805096729 1.070504592690 -0.588679824052 -0.396978357939 0.991880252108 -1.661138455291 0.032653012602 -1.195460215719 1.986228763437 0.776627479268 1.819158467460 0.211550384010
1.111025181557 -2.647053747617 0.246208857229 -2.010551401171 1.026795835663 -0.616344896147 -0.706436357689 1.216903217696 -1.523481581690 -0.338768577992 -1.172834506200 -0.158534232840 1.944833999429 1.576394888726 2.051791898977
0.298505099460 -1.832991003507 0.514786313643 -1.369009692150 0.830980604182 -0.493600422002 -1.038417222825 1.048135993505 -1.029726893487 -0.643752857906 -1.101717787414 -3.151709914043 2.752571829286 1.055592193233 4.159736695217
-0.821570365905 0.100067342558 0.912793112923 -0.045251419040 0.480127840424 -0.223223193240 -1.352091832077 0.461358785936 -0.202294411934 -0.716000862168 -0.965192199288 -4.249365358156 2.934605946787 -0.077441633038 3.761781318004
-1.960312041623 2.717296291262 1.363713219240 1.791750505701 0.032755856737 0.125212733365 -1.563899326423 -0.361599975780 0.729113489276 -0.644421344778 -0.403663226660 -2.044644231652 2.376985051257 -1.984274724887 -0.172521035089
-2.472064453308 3.532953119451 1.318410378133 3.061669874567 -0.375741044230 0.344682115707 -1.525178509904 -0.867695960085 1.322318455232 -0.551861624015 0.454313962744 0.593513498358 1.488154621599 -2.743572967546 -3.578821603296
-2.180347066703 1.459409686095 0.447577671956 2.478749322030 -0.701551261315 0.295574041636 -1.109482519544 -0.544611112555 1.329209012222 -0.454005430342 1.147894803661 2.037085187789 1.265342804895 -1.361142115885 -4.109857290140
-1.500958716304 -1.016614266379 -0.600764009818 0.622104167661 -0.966940549569 0.130920582812 -0.383814308763 0.386333990051 0.947245897874 -0.353732399515 1.555311841219 2.522406656989 1.616915477593 0.041549030209 -3.000169082327
-0.767782883728 -2.424961839853 -1.315479320309 -1.054769440160 -1.103877514231 0.027716494162 0.397801111012 1.248064990353 0.515814754985 -0.253973589360 1.707829692209 2.367780501248 1.679084756705 0.572790405321 -1.596140962489
-0.105003860999 -2.884829385843 -1.670291583233 -2.000421253954 -1.082485934322 0.007867576265 1.019236791800 1.646380322036 0.202602944336 -0.186764947673 1.584211042924 1.529138009070 1.273107537026 0.736981065541 -0.069471212639
0.441612712173 -2.668651015795 -1.721405117921 -2.251309519288 -0.929042486124 0.040520588867 1.390761226529 1.535102968852 0.025968143881 -0.242249358063 1.107579903062 -0.255927627909 0.661442048985 0.955319162407 1.910432636546
0.780021335696 -1.773804204286 -1.425162589413 -1.825997602383 -0.661853425522 0.118836397046 1.472265202868 0.962569673867 -0.025453923210 -0.488715325628 0.383145821891 -2.660320640926 0.062580655649 1.090096400251 3.991895068234
0.680622480010 -0.015735152530 -0.673834767154 -0.580195182982 -0.292180185208 0.274799526532 1.216183308757 -0.026430942485 0.069059836103 -0.596393134115 -0.101867114906 -3.655491905328 -0.720166049602 0.436419083397 3.985107355378
-0.041394764008 2.399559338710 0.409216809906 1.405159405314 0.110403178043 0.512318054422 0.632594269347 -1.278918230607 0.322724893060 -0.075127640019 -0.239986787111 -2.021555723528 -1.921385536836 -0.990697544565 0.777553076475
-0.670595176927 4.017503257645 1.140644292201 2.930389337285 0.434465044847 0.649666395621 -0.020980203373 -2.318672427177 0.573304625992 0.713275492612 -0.435339219988 0.235513067274 -2.951678073061 -1.698162343596 -2.599745445893
0.007713310064 3.462144933068 1.074566935990 2.391640340378 0.717234991778 0.409473920241 -0.289969036323 -2.488056716173 0.434207934512 1.258143715503 -0.716000862168 1.630028104701 -3.367219797219 -0.974962392036 -3.549048226451
1.402691146094 1.662886805572 0.709933058251 0.412919198737 0.996508238146 -0.118476442576 -0.074253464879 -1.676102276814 -0.236438664482 1.491497055959 -0.940252496749 2.190014415316 -3.232853935911 -0.042783159819 -2.544466723771
2.332299274956 0.006582024588 0.457707819172 -1.312753950753 1.153294120705 -0.596033179646 0.245746058625 -0.473288705501 -1.043508007467 1.462289321852 -1.058163296588 2.129799174754 -2.727683548815 0.371627278863 -0.948068650947
2.578970930789 -1.118070004748 0.314600206460 -2.207292229859 1.136221994431 -0.867233161481 0.374249804285 0.547285060044 -1.570121396541 1.155351003389 -1.076469552472 1.377082956683 -1.901228086536 0.511135346879 0.745671394879
2.319238069915 -1.766759381095 0.201111704391 -2.361764119399 0.977584917457 -0.930328037801 0.279478934637 1.166098215411 -1.684638339951 0.558700758938 -1.025870238455 -0.285495316486 -0.795602222024 0.649152174950 2.699195723646
1.648231516451 -1.950387582675 0.101044361833 -1.822192369418 0.710138746520 -0.787631801625 0.017689191079 1.334711173401 -1.382945072331 -0.098010459874 -0.950022689497 -2.398222364966 0.253716479024 0.855406086050 4.468011987425
0.549599053063 -1.480852688072 0.082840950083 -0.469946271140 0.364736721873 -0.429477104340 -0.362268462652 0.998256588428 -0.666532833627 -0.368079156234 -0.730399040953 -3.033953380405 0.651054791433 0.848515529060 4.046865257954
-0.897109382461 -0.123618649286 0.259835705008 1.572898188164 0.000771331006 0.044120133564 -0.788660242967 0.144855962994 0.368336266569 -0.338254357321 -0.120019104589 -1.393023797481 0.451331482853 0.098113304009 0.720834536474
-2.206932275389 1.642317978736 0.575875729346 3.146207752864 -0.367256403160 0.344836381909 -1.093901633216 -0.875820646685 1.356668396048 -0.397235468274 0.676354448441 0.611922598377 0.552221578485 -1.075852487667 -2.889765904284
-2.748046687382 2.186980513358 0.598192906464 2.792166820946 -0.851755119287 0.320925120712 -1.062842704693 -1.238654752075 1.792933213244 -0.567236822075 1.282312087035 1.755292260134 1.586319347674 -1.378831306964 -4.467857721224
-2.538758874324 0.892944195026 0.074202042812 1.051992648537 -1.350909124534 0.207179508308 -0.671160819665 -0.512112366154 1.537982604609 -0.748910985106 1.589867470303 2.103522498470 2.907352251229 -0.618967421568 -3.923452296937
-1.988799866791 -0.855457508117 -0.617270493354 -0.606728969601 -1.594444034275 0.193346972260 -0.148506929757 0.691061159629 0.927448402044 -0.893561259831 1.614652906641 1.844149592066 3.637699870115 0.144136054055 -2.348240115754
-1.341396042122 -2.008957317091 -1.112259311167 -1.633267694928 -1.532069066894 0.258807263666 0.281690083522 1.602568720875 0.307761071537 -0.983189922770 1.337282276755 0.884305287755 3.676317842500 0.601175386355 -0.339128532462
-0.699442956565 -2.430155468629 -1.320004462213 -2.065161636421 -1.252178755720 0.337740136650 0.539366061712 1.955066990780 -0.186456415270 -1.027618588736 0.748602452703 -0.923951701482 3.253217074479 0.978973313269 2.092312487845
-0.129583609068 -2.193459693812 -1.226724832511 -1.940000325123 -0.818999262550 0.394818631121 0.605083463454 1.752772578846 -0.505736029835 -1.081560337114 0.093793850373 -2.848268296142 2.546266496119 1.166201059545 4.185447728763
0.267908969541 -1.292545078386 -0.809794712541 -1.103157605292 -0.259167218136 0.436316239263 0.443206796253 1.004735768881 -0.572276184650 -1.042633832327 -0.208156527582 -2.892645540041 1.434984204227 0.755441587626 3.838348775902
0.363142637793 0.188667564155 -0.138788159077 0.616242052012 0.346687576324 0.492674824794 0.025196812874 -0.243586331808 -0.311926258971 -0.597010198920 -0.290071880457 -0.858080033539 -0.407365615491 -0.001439817879 0.816068204726
0.236181554147 1.706081341928 0.514426359173 2.573005971006 0.804086863094 0.549187676526 -0.520699851358 -1.629411039896 0.151746519984 0.148249819422 -0.486298488475 1.156945087469 -2.436377538747 -0.394098722181 -2.372305643152
0.355892126333 2.430978221702 0.852937826830 2.934554524720 1.053792420885 0.440070050160 -0.800898694934 -2.381355926960 0.350749919624 0.842396303076 -0.751687776729 2.173507931780 -3.331687148859 -0.351932627167 -3.817779949066
0.990080479760 2.166874485126 0.886156482170 1.246265218005 1.250070450970 0.055998631062 -0.511443879282 -2.034462662368 -0.074099198677 1.339030627036 -0.958507330567 2.366906326108 -3.063881023452 -0.423974943161 -3.235167928930
1.773392827749 1.422385797790 0.807686407790 -0.784752165868 1.358725278732 -0.406594284484 0.112768593129 -1.028492763877 -0.798996078452 1.595626741818 -1.061145776479 1.942211474007 -2.697087418896 -0.691472536166 -1.544204674727
2.279745922389 0.649100752883 0.699442956565 -2.066498610165 1.291310948776 -0.749733738179 0.656454108477 -0.030956084388 -1.303857933146 1.504918215470 -1.064385366706 0.814525542713 -2.374362525836 -0.845481627102 0.539931704450
2.377859226398 0.002931057824 0.531292797179 -2.529657168449 1.062945548827 -0.926419960702 0.940303918817 0.650849103164 -1.394103660890 0.939841120213 -1.004221548210 -1.167897987759 -1.728398519045 -0.712092785069 2.957077390105
2.073800543692 -0.475345588184 0.285649582688 -2.246630111183 0.717543524181 -0.918243852035 0.953365123858 0.945703235861 -1.086445433488 0.179000215542 -0.906416776604 -3.271934706900 -0.959484349841 -0.281073018717 4.991128675936
1.363147576502 -0.696151944271 0.020260294434 -1.099249528193 0.309200889415 -0.680673902077 0.709315993446 0.810360355279 -0.432151051828 0.024374059801 -0.564100075983 -3.419875993920 -0.997639523622 0.141462106566 4.512492075458
0.288734906713 -0.537412023163 -0.154523311607 0.940612451219 -0.066951531352 -0.245386104156 0.234638892134 0.210830475071 0.466655258846 0.424797696234 0.208722170320 -1.363764641307 -1.888629680099 0.184759487056 1.297173064424
-0.904257049786 -0.058569734416 -0.181777007165 2.912905834474 -0.366639338355 0.113591346203 -0.315525803667 -0.670646598994 1.357131194652 0.608323053680 1.035229054666 0.754258880083 -2.301034658165 0.060883727435 -2.043564368243
-1.810416716055 0.330489625191 -0.154060513003 3.042797975945 -0.797247728171 0.109683269104 -0.607191768204 -1.199471136953 1.853354142075 0.427985864394 1.563487949886 1.946170973173 -1.052866823678 0.103358354852 -3.755970624423
-2.195002355824 0.204042762215 -0.232016366712 1.431178971262 -1.383510715069 -0.050342203682 -0.437756057141 -0.757241359974 1.719348235237 0.068648459566 1.763571212935 2.379658998746 1.133753735211 0.173292366095 -3.817111462193
-2.148413963040 -0.359645937231 -0.429219994004 -0.285392472352 -1.749275878284 -0.059341065422 -0.040006368196 0.367462091429 1.129691391911 -0.347613173532 1.680267464249 2.230586426251 2.821631665389 0.061089415703 -2.872025291138
-1.861993049346 -0.949919845362 -0.619224531904 -1.366644277064 -1.737294536652 0.096673486130 0.257110335452 1.396263387708 0.418164249580 -0.762280722549 1.303446556610 1.354868623700 3.733910557641 -0.012392718169 -1.250893204043
-1.467585794762 -1.262925967742 -0.686638861859 -1.848520467769 -1.438532326856 0.325398840549 0.340722616542 1.921231270635 -0.216641168652 -1.101100722608 0.634136931360 -0.546153774568 4.076432946531 0.146038670537 1.123572165927
-1.042839520595 -1.177616758439 -0.572121918449 -1.841064268040 -0.957478889225 0.553507130162 0.219160849940 1.875414208857 -0.678051376655 -1.300566920852 -0.086851871316 -2.971578413025 3.965361281615 0.347047530794 3.668141733832
-0.641284598685 -0.699185846229 -0.276702143014 -1.308434497117 -0.351418406496 0.726336697653 -0.104695328596 1.237934843136 -0.846355802242 -1.430201951988 -0.463827045156 -3.644744693306 3.484873486722 0.276959253349 4.041260252641
-0.276393610611 -0.007353355594 0.092354032495 -0.104489640328 0.309766532153 0.795859332359 -0.633674132756 0.017586346945 -0.592896433553 -1.424751212876 -0.633365600353 -1.629411039896 2.439719973108 0.313623187185 1.334094108595
0.124544246493 0.542142853335 0.356869145608 1.628434020621 0.862502331309 0.748859563039 -1.257783761033 -1.438686593057 -0.027716494162 -1.087525296897 -0.871038394446 0.811594484889 0.592587901151 0.905285491128 -1.889863809709
0.643032948966 0.716669349040 0.443001107984 2.783990712279 1.166458169880 0.614133747262 -1.622829015308 -2.242670612017 0.251299641871 -0.521728292700 -1.092307549136 2.264679256732 -1.282003554633 1.452364862904 -3.572702377312
1.205178986400 0.613465260389 0.428242974730 2.131650369169 1.333528465857 0.362936949525 -1.359342343537 -1.808051300968 -0.253665056957 0.086286228578 -1.197465676336 2.798954533802 -2.063927506811 1.058986049661 -3.336932199703
1.648282938518 0.446549230614 0.412816354602 0.305858455054 1.444291598370 -0.015940840798 -0.581017936055 -0.690958315495 -1.102591962554 0.628171971577 -1.173657259273 2.646230994543 -2.001295429094 -0.026019565948 -1.940720234062
1.861581672810 0.345813401183 0.428551507132 -1.311108444606 1.399245867599 -0.413381997340 0.281535817320 0.306938318463 -1.623394658046 0.986892311601 -1.036514606343 1.767839244504 -1.818798512990 -1.015071604366 -0.159716940383
1.809079742310 0.347098952861 0.448760379499 -2.194488135153 1.164401287197 -0.733330098777 0.951205397040 0.892275708154 -1.612853134293 0.965243621355 -0.823524404454 -0.026070988015 -1.530680671082 -1.580560076160 1.923236731251
1.499416054291 0.429837058809 0.421712372209 -2.330653768809 0.775599037926 -0.924363078018 1.339750535975 1.056106413904 -1.133753735211 0.493806110270 -0.605340573789 -2.409689485927 -1.002164665526 -1.655687716179 4.045836816612
0.969460230857 0.538954685175 0.309663688019 -1.663195337975 0.279941733241 -0.919118027175 1.403359632966 0.804292551362 -0.288374952243 0.184245266385 -0.310383596958 -3.713393152872 -0.894229746703 -1.312239730082 4.611582398741
0.304058682706 0.592690745285 0.110814554580 -0.062837765985 -0.229702373693 -0.658510991161 1.091999016733 0.126035486439 0.769531234009 0.685353310182 0.339745597267 -2.735859657482 -2.018521821570 -0.828563767029 2.513870593852
-0.347510329397 0.483778807187 -0.152723539259 2.060379384181 -0.604466398649 -0.260607036015 0.449737398773 -0.865690499468 1.779563475800 1.390658382395 1.168823584967 -0.836945563965 -3.553419102153 -0.181777007165 -0.529493024831
-0.844504607827 0.148764040093 -0.438064589544 3.104710144722 -0.856177417057 -0.100838673564 -0.174372229504 -1.689112059788 2.397502456027 1.650339821202 1.741254035818 0.632388581079 -3.736275972727 0.655271400934 -2.490576397460
-1.132468183534 -0.339334220730 -0.683707804035 2.029628988061 -1.175765564024 -0.281227284918 -0.248831382651 -1.585496594601 2.350965485310 1.470362586385 1.936297936292 1.521681809342 -2.118589164128 1.164504131331 -2.907866471900
-1.230170111006 -0.801464337672 -0.828563767029 0.108037762957 -1.446348481054 -0.416364477232 0.222863238770 -0.453799742073 1.676205120948 1.013117565817 1.809593962981 1.953421484633 -0.113488502069 0.892070019886 -2.385058315791
-1.188415392528 -1.062019951620 -0.825272754735 -1.314965099638 -1.456324362070 -0.302001800022 0.696460476673 0.907342373812 0.704019520536 0.372450031936 1.409993079621 1.853868362746 1.434881360093 0.201060282324 -1.430819016793
-1.064231100505 -1.013374676152 -0.643855702040 -1.980263803654 -1.210835413780 -0.001234129610 0.846407224309 1.832116828367 -0.243277799405 -0.365456630812 0.789123041571 0.997485257421 2.564109953400 -0.396824091737 -0.109529002903
-0.905799711799 -0.626937841967 -0.280610220113 -2.007157544743 -0.798996078452 0.388390872734 0.670749443128 2.151396442932 -0.991057499035 -1.035897541538 0.096262109593 -0.611305533572 3.278362465287 -0.821416099703 1.494119581381
-0.736826799339 -0.003085324025 0.198540601036 -1.453650414581 -0.295162665099 0.781101199104 0.231399301907 1.858547770851 -1.418786253093 -1.474836306222 -0.445263678936 -2.084959132251 3.433914218235 -1.114830414522 2.523640786600
-0.521779714767 0.557466629328 0.618864577434 -0.298659365662 0.230216594364 1.071995832635 -0.444338081729 0.899063421010 -1.359856564208 -1.718319793896 -0.830569227645 -2.114012600157 2.983148378120 -0.855868884654 1.782905910161
-0.176223423919 0.692398133373 0.791694144925 1.304012199347 0.679902571070 1.158590593616 -1.300104122249 -0.706642045957 -0.678102798722 -1.816073143435 -1.218034503172 -0.848618373194 1.988594178523 0.552478688820 -0.424077787295
0.302516020693 0.365610897013 0.707361954897 2.567092433291 0.982727124166 1.035023366397 -2.091438312704 -2.346646031674 0.283901232407 -1.688649261184 -1.552689315797 0.544559690488 0.910119165434 2.551511546963 -2.571103354524
0.767988571996 -0.108140607091 0.507278691848 2.401924753796 1.196385812927 0.772102337364 -2.346543187540 -2.704852151026 0.456113735093 -1.336665211950 -1.703355972372 1.463883405932 0.513346495764 3.320271449965 -3.199635280571
1.072870007776 -0.447269139553 0.310177908690 0.929916661264 1.349160774253 0.393738767712 -1.818130026118 -1.458021290283 -0.490720786244 -0.843116212016 -1.629205351628 1.829134348475 0.659025211832 2.185489273413 -2.042690193102
1.165892527142 -0.553147175692 0.163676439549 -0.699237268296 1.335482504407 -0.060472350898 -0.834014506141 0.167275984245 -1.509751889777 -0.308686668744 -1.351526189339 1.630388059171 0.675737383636 0.402429097050 -0.222606128435
1.051272739598 -0.418267093714 0.078881450917 -1.769279062382 1.110459538819 -0.501467998266 0.158945609377 1.279381029211 -1.896548678431 0.145164495396 -0.924620188354 0.862913707845 0.413741951810 -1.046799019761 1.456015829667
0.745774239013 -0.077955853709 0.052913307036 -2.141214873648 0.716669349040 -0.850932366213 0.946937365471 1.764239699807 -1.651882483215 0.435699174458 -0.433745135908 -0.242197935996 0.012701250571 -1.969002370962 2.691996634254
0.297579502253 0.370804525789 0.056769962068 -1.785117059046 0.205636846295 -1.031680932036 1.458432666820 1.709269510088 -0.943132132507 0.662779022729 0.076464613764 -1.103106183225 -0.633622710689 -2.362072651801 3.021252129834
-0.184142422251 0.749476627844 0.019283275159 -0.608837274351 -0.350492809289 -0.957890265761 1.620463600222 1.146352141648 0.089268708469 1.036154651873 0.657688238087 -1.294756227271 -1.863381445158 -2.202972776223 2.143888821136
-0.549033410325 0.861422467900 -0.142696236176 1.241328699564 -0.813857055841 -0.627297796437 1.318101845730 0.071168140853 1.283289106310 1.512940057936 1.287042917208 -1.048598792109 -3.523337192906 -1.405622203918 0.534943763942
-0.699391534498 0.643392903436 -0.430197013279 2.712668305224 -1.064539632907 -0.313468920984 0.529904401367 -1.373431989920 2.383001433107 1.841887021114 1.791082018829 -0.759401086792 -4.384862504939 0.003548122629 -0.879985834119
-0.649152174950 0.221371998825 -0.734564228388 2.401770487595 -1.171034733852 -0.347047530794 -0.279067558100 -2.531405518730 3.009733586806 1.890069497978 2.023355495876 -0.497919875637 -3.362951765650 1.458021290283 -1.430047685786
-0.479716463887 -0.203939918081 -0.923591747012 0.674348987825 -1.187181262918 -0.538800418974 -0.249499869523 -2.385109737858 2.805587980457 1.666280662000 1.937943442439 -0.184399532586 -1.610899095743 1.838390320552 -1.158693437750
-0.279273246368 -0.476116919191 -0.917935319632 -1.010495040395 -1.035074788464 -0.540034548584 0.566105536599 -0.936858640321 1.792059038103 1.209035641431 1.552895004065 0.135651412985 -0.485321469200 0.895103921844 -0.469843427006
-0.114928319947 -0.515043423978 -0.700728508242 -1.979698160916 -0.723457061896 -0.301693267620 1.259737799583 0.690289828623 0.444903724467 0.585183123490 0.950896864637 0.332752196143 0.249756979858 -0.402480519117 0.224508744917
-0.019540385494 -0.317325576015 -0.308686668744 -2.215108384057 -0.332957884411 0.086234806511 1.411741429902 1.754418084993 -0.755030211090 -0.086491916846 0.269965852225 0.384997016306 0.909553522696 -1.373946210591 0.592176524614
0.023962683264 0.023139930191 0.165116257428 -1.780489073008 0.063763363192 0.531652751648 1.107734169263 2.161423746014 -1.596295228690 -0.704533741207 -0.377129440042 0.392247527766 1.353685916157 -1.870837644886 0.507021581512
0.082480995613 0.310383596958 0.582509176001 -0.668178339774 0.407262771357 0.936087309315 0.485989956072 1.970956409511 -2.008751628823 -1.222765333345 -0.939943964347 0.410039562979 1.322884097970 -1.748298859009 0.079652781923
0.218543785135 0.353629555381 0.837614050837 0.997690945690 0.649306441151 1.190677963480 -0.386128301782 1.137353279907 -1.881173480371 -1.599740507185 -1.390041317590 0.403457538392 0.769736922277 -0.750042270582 -0.550884604740
0.409371076107 0.137451185333 0.919632247846 2.499780947470 0.810925998017 1.236854979727 -1.419300473764 -0.435596330323 -1.050347142390 -1.787585318266 -1.697339590523 0.338357201455 0.298247989125 1.184558737496 -1.444651552840
0.547747858648 -0.179822968615 0.883019736078 2.679038273347 0.995222686469 1.104340312835 -2.321192108464 -2.342069467703 0.250374044664 -1.768147776906 -1.826100446517 0.180594299622 0.862759441644 3.353490105306 -2.419048302137
0.545845242165 -0.426083247912 0.768862747137 1.398885913129 1.164966929935 0.814268432378 -2.593523375775 -3.067326301947 0.827226793285 -1.565236300167 -1.734774855364 -0.140845041761 2.214079942715 4.063526007691 -2.269821463441
0.394407254584 -0.520854117559 0.589451155058 -0.271817046640 1.143318239690 0.374146960150 -2.049169373556 -1.732769394748 0.007559043862 -1.241637231967 -1.429739153384 -0.601843873227 3.168679196183 2.540250114270 -0.369981772716
0.133183153764 -0.467992232590 0.356149236669 -1.510060422179 0.881888450602 -0.138273938406 -1.076418130405 0.270017274292 -1.056723478709 -0.864867746395 -1.008335313577 -0.854686177111 3.318265989349 0.324370399207 1.693431513424
-0.193758348797 -0.306784052262 0.098473258478 -2.092415331979 0.454931027549 -0.614082325195 -0.111225931117 1.659441527077 -1.480235623267 -0.412250711864 -0.537874821766 -0.450920106316 2.809804589958 -1.269405148196 2.446404841830
-0.542451385737 -0.099398855686 -0.153443448198 -1.993787807299 -0.051370645023 -0.959278661573 0.664218840608 2.262828062317 -1.299384213309 0.184656642922 0.030081909248 0.458941948783 1.687415131574 -2.142037626721 1.952958686029
-0.851600853085 0.075693282757 -0.392710326370 -1.146814940252 -0.555255480443 -1.085365570079 1.203533480253 2.235780055027 -0.739963545432 0.846458646376 0.684530557108 1.221222671332 -0.051319222956 -2.440696992383 0.996816770549
-1.039137131764 0.162545154073 -0.626937841967 0.482236145175 -0.945137593123 -0.911558983313 1.441514806747 1.637330038228 0.075796126891 1.398628802794 1.302006738731 1.423825615668 -2.283036934683 -2.156641493775 0.038617972385
-1.026230192925 0.157351525297 -0.844607451961 2.342326578038 -1.117607206145 -0.523065266444 1.226210611840 0.408188368564 1.086034056951 1.709989419027 1.761154375782 1.027875699072 -4.252296415980 -1.208829953163 -0.746494147953
-0.790408593248 0.108449139494 -1.001907555191 2.946947242888 -1.130154190515 -0.306886896396 0.453439787604 -1.372197860309 2.147694054101 1.699910693877 1.969670857834 0.129583609068 -4.309632020786 0.424232053496 -0.968534633649
-0.395281429725 0.092713986964 -1.030395380359 1.620617866424 -1.087268186561 -0.427934442327 -0.394304410450 -2.898867610159 2.854078989723 1.339133471170 1.861478828675 -1.111590824295 -2.170062653285 2.031891559013 -0.284312608943
0.043297380490 0.171595437881 -0.874740783276 -0.334860500893 -0.904051361518 -0.547387904178 -0.262561074564 -2.844925861781 2.628336115196 0.762640677019 1.462340743919 -2.281340006469 -0.208259371716 2.115195307700 1.075184000795
0.414307594548 0.337431604248 -0.542040009201 -1.718422638030 -0.541628632664 -0.448297580895 0.748191076166 -1.311725509411 1.452416284971 0.355326483595 0.943080710439 -2.550843060090 0.200700327854 0.572996093589 2.088764365215
0.668229761841 0.505941718103 -0.120070526656 -2.291110199216 -0.096930596466 -0.168355847654 1.537879760475 0.336043208436 0.025968143881 0.324164710938 0.402943317721 -1.430510484390 -0.239215456105 -1.147791959527 1.693328669290
0.834117350275 0.568882328222 0.264926489650 -2.132216011907 0.325295996414 0.194632523937 1.700939135219 1.393743706420 -1.093593100813 0.349670056215 -0.204711249087 0.286832290231 -0.752561951869 -2.083056515768 0.347098952861
0.968174679180 0.466912369182 0.534480965338 -1.263234500145 0.654911446464 0.551090293009 1.379962592440 1.850011707714 -1.773649938085 0.160642537591 -0.815451139921 1.561791021672 -1.245750997334 -2.156230117238 -0.873712341934
1.076829506942 0.233147652188 0.697488918015 0.273668241056 0.849903924871 0.823010183783 0.727262294861 1.779872008203 -2.024486781352 -0.200803171988 -1.313268171424 2.111081542333 -1.876802604668 -1.549244037302 -1.607248128980
1.104751689372 -0.036509667634 0.804549661698 1.969568013700 0.941898002896 0.961746920793 -0.186919213874 1.104700267305 -1.779717742002 -0.610688468767 -1.648282938518 2.069583934191 -2.276557754230 -0.361342865445 -2.056317040881
0.988640661882 -0.253407946622 0.887184923512 2.661914725006 1.054409485690 0.986480935064 -1.241174433363 -0.331415222398 -0.908987879958 -0.974653859633 -1.793755966317 1.533971683376 -1.434469983556 1.324272493781 -2.498803928195
0.709418837580 -0.378774946188 0.931562167411 1.785014214912 1.170211980778 0.918809494773 -2.072720680283 -2.160498148807 0.355480749796 -1.219114366581 -1.689626280459 0.409679608510 0.797453416439 3.058481706408 -2.615532020490
0.303441617901 -0.417752873043 0.885025196694 0.214789974237 1.083000154993 0.714303933954 -2.217370955009 -2.831350436069 0.969923029461 -1.293779207996 -1.300104122249 -1.398783068995 2.993432791538 3.466053010167 -1.170726201449
-0.164344926421 -0.404948778338 0.698054560753 -1.084697083207 0.731478904362 0.366227961818 -1.711223548637 -1.471082495324 0.415387457957 -1.217108905965 -0.811851595225 -3.101264866227 4.177580152498 1.956455386592 1.621183509162
-0.641336020752 -0.378672102054 0.382631601220 -1.804708866608 0.216589746585 -0.052090553963 -0.989874791492 0.508512821458 -0.368079156234 -1.026281614992 -0.445212256869 -2.811810050575 4.462406982112 0.099090323283 2.849091049215
-1.096318470369 -0.352498269905 0.012906938840 -1.932389859193 -0.343602252299 -0.450611573914 -0.330541047258 1.859370523925 -0.722582886755 -0.653420206519 0.018923320689 -0.582714864269 4.013235226077 -1.182090478276 1.742231055093
-1.492011276630 -0.329615450050 -0.344373583305 -1.459872484699 -0.846972867047 -0.751842042930 0.191135823375 2.425116106054 -0.681290966882 -0.142850502377 0.647866623273 1.493142562106 2.903804128599 -1.896342990163 0.283901232407
-1.759560291702 -0.312646167910 -0.658665257362 -0.335734676034 -1.180290705928 -0.870215641372 0.553918506699 2.335281754847 -0.379597699262 0.344065050902 1.220914138929 2.516647385475 1.197619942537 -2.063361864073 -0.608683008150
-1.802600561857 -0.306835474329 -0.925957162098 1.323346896574 -1.234798097044 -0.736055468333 0.693580840916 1.599689085118 0.147118533946 0.716515082839 1.618303873405 2.658006647907 -0.930790836405 -1.676565075418 -1.143318239690
-1.540656552098 -0.307503961201 -1.143626772092 2.730666028706 -1.058163296588 -0.453234099335 0.491852071720 0.165836166367 0.905594023530 0.923231792542 1.801057899844 2.107224887301 -2.605247607072 -0.601432496690 -1.416317993873
-0.982675702099 -0.267806125407 -1.266011291768 2.637592087272 -0.896543739723 -0.319485302833 -0.016815015939 -1.627611267548 1.741922522690 0.858491410076 1.700733446951 0.787631801625 -2.496181402773 1.091330529861 -0.944160573848
-0.254693498299 -0.114516943411 -1.203019259582 1.049884343786 -0.794316670347 -0.394098722181 -0.268474612279 -2.626484920780 2.103316810202 0.373632739479 1.247190815213 -1.425214011480 -0.900503238888 2.288024875191 0.919272293377
0.462130116942 0.177406131462 -0.894126902569 -0.731221794027 -0.568522373752 -0.449685976706 0.272022734909 -2.046186893664 1.489902971880 -0.331003845861 0.612333974913 -3.677603394177 0.328381320440 1.825020583108 3.531204769170
1.022682070295 0.538954685175 -0.390036378881 -1.865592594043 -0.190621602704 -0.359903047566 1.107425636861 -0.729010645142 0.293414314818 -0.346790420458 0.157660057699 -3.700331947831 0.082275307345 0.222811816703 4.156754215326
1.384282046076 0.838282537709 0.146450047074 -2.228735231836 0.238649813367 -0.150666656575 1.591718664719 0.343499408164 -0.782181062513 0.462438649345 -0.235924443811 -1.424442680473 -1.209755550371 -1.184250205094 2.210994618689
1.585805127003 0.982470013831 0.569859347497 -1.874437189582 0.628789036382 0.099501699820 1.617995341002 0.944160573848 -1.460798081906 1.135810617895 -0.712966960210 0.775444771724 -2.465122474251 -1.842349819718 0.016249373201
1.657281800259 0.975168080304 0.850726677945 -0.825427020936 0.926265694501 0.322519204791 1.279638139547 1.124446341068 -1.735649030505 1.311314132874 -1.130154190515 1.956661074860 -3.422652785542 -1.895571659156 -1.394360771225
1.592695683993 0.864816324328 1.028955562481 0.716926459375 1.112362155301 0.471231822817 0.637685053989 0.864662058126 -1.600357571990 1.131851118729 -1.405622203918 2.360478567721 -4.078952627818 -1.436012645569 -2.260308381029
1.387470214235 0.674297565757 1.134833598620 1.971676318450 1.223433820217 0.541731476798 -0.240089631245 0.044222977698 -0.992085940377 0.733535787046 -1.526464061581 2.228066744963 -3.853364019492 -0.415233191756 -2.912391613804
1.070504592690 0.375998154566 1.153499808974 1.959129334080 1.270999232275 0.593924874895 -1.105677286580 -1.239220394813 0.000617064805 0.170772684807 -1.463163496993 1.488720264337 -2.094575058797 1.055489349099 -3.236916279212
0.692655243709 -0.065563135540 1.024070466107 0.807532141589 1.129228593307 0.645809740589 -1.517722310176 -2.089278585886 0.802338512813 -0.506147406372 -1.174582856481 -0.173035255759 0.523939441585 2.200350250802 -2.299440574085
0.272896910049 -0.605957638594 0.698620203491 -0.481670502437 0.726953762458 0.626423621296 -1.346024028160 -1.461363724644 0.830106429042 -1.092564659471 -0.754310302150 -2.575371386093 2.647619390355 2.094883591199 0.420118288129
-0.213093046023 -1.085057037676 0.239626832642 -1.304063621415 0.165064835360 0.495605882618 -0.942720755970 0.121664610736 0.401657766044 -1.282157820834 -0.384225685300 -3.692361527432 3.742240932510 1.182758965148 2.555162513726
-0.772719402169 -1.316250651315 -0.189696005497 -1.570944149614 -0.422072326679 0.271662780439 -0.577007014822 1.485429252043 0.065614557607 -1.125937581013 0.116779514362 -1.992450833555 4.046659569685 0.136268477790 1.844406702401
-1.359959408342 -1.220451340325 -0.466552414712 -1.326895019203 -0.934801757638 -0.005245050843 -0.299122164265 2.196185063367 -0.052501930499 -0.877517574899 0.801464337672 0.491903493788 3.863648432910 -0.841779238271 0.031881681596
-2.171811003566 1.719451079371 0.799973097727 -1.207647245620 -0.121664610736 2.765941566730 1.385413331552 3.038735632645 -1.819878376399 1.828363017469 1.514277031680 2.043770056511 0.165836166367 -6.150747710894 -3.790063454904
-2.070252421063 1.532171911028 -0.096519219929 -2.143940243203 0.619790174642 3.985467309848 0.592125102547 1.138741675719 -0.571042055040 1.633884759733 0.814062744109 2.401564799327 1.988234224053 -4.104766505498 -5.719316568005
-1.320518682884 0.799561721190 -0.960204258781 -1.617172587929 0.610997001169 1.678621958102 -0.067620018224 -0.706024981152 0.870215641372 0.902817231908 -0.139250957681 2.080176880011 2.102545479196 -0.565231361459 -3.668964486906
0.016095106999 -0.396309871066 -1.493502516576 -1.128920060904 0.575927151413 -1.298201505766 -0.231707834310 -1.611824692951 1.810828092591 -0.583229084940 -1.250944626110 0.753333282876 1.927864717289 2.683254882848 0.227491224808
1.514019921345 -1.683918431012 -1.527955301527 -1.035229054666 0.713069804344 -2.840863518481 -0.126806817445 -1.828105907134 2.240459463132 -2.609567060708 -2.207446496060 -1.306737568903 2.257685855608 5.006555296063 3.435251191980
2.310804850912 -2.400793468320 -1.397651783519 -1.010700728663 0.847332821517 -3.314049379847 0.071528095323 -1.630130948835 2.277637617639 -3.465950166033 -2.563338622393 -2.123834214971 2.094163682260 5.747033062166 4.557640650363
1.851091571123 -2.127896558271 -1.586010815272 -0.896852272125 0.887236345579 -3.265249838178 0.344579271573 -0.990697544565 1.889246744904 -1.957072451397 -2.245498825707 -0.640359001478 0.658356724959 4.476290940226 3.603247085164
0.600558321550 -1.147791959527 -1.920922738232 -0.718109166919 0.815451139921 -2.717707667799 0.805320992704 0.395075741456 0.885847949768 0.278707603630 -1.496073619930 1.112670687704 -0.966529173033 1.433390120147 2.640420300962
-0.647918045340 -0.029002045839 -1.926013522874 -0.677897110454 0.688798588677 -1.226210611840 1.477921630248 2.390714743171 -0.582252065666 1.854691115819 -0.597730107860 1.889555277307 -2.006951856474 -2.452781178149 1.844972345139
-1.527389658789 0.872323946123 -1.468151437500 -1.111025181557 0.677177201515 1.474682040021 1.692865870686 3.191407749837 -1.456118673801 2.651835999856 0.224200212514 1.851400103526 -1.705875653660 -4.965366220324 -0.401400655708
-1.936709312829 1.404285230174 -0.682576518559 -1.623086125644 0.749630894045 3.708508056498 0.777398810274 1.562305242343 -1.188723924931 2.814175465661 0.835145791616 1.286477274470 -0.032087369864 -4.551367158178 -3.123479199210
-1.765833783887 1.471185339459 0.236232976214 -0.714355356021 0.283284167601 3.062749737976 -0.518848656943 -0.636142391976 -0.665298704017 2.331065145346 1.147637693325 0.314548784392 0.667869807371 -2.265964808409 -2.948181372499
-0.907290951744 0.981133040086 1.117041563407 1.135656351693 -0.633674132756 1.117452939943 -1.428967822377 -1.982012153935 -0.401554921910 0.986789467466 1.029521205219 -1.026950101864 0.213658688761 0.605134885521 -0.806040901643
0.542914184341 -0.057078494470 1.793190323579 2.406707006036 -1.337899341560 -0.157145837029 -1.873460170307 -2.493301767016 -0.340825460676 -1.224256573290 0.361497131646 -2.600928153437 0.147632754617 3.527142425870 1.304937796555
1.930590086845 -1.166252481612 2.154995987628 2.907969316034 -1.703613082708 -0.753230438741 -1.914494979846 -2.381767303497 -0.386231145917 -2.984742462200 -0.271097137701 -3.637905558383 0.060266662630 5.522935693786 2.622422577480
2.231820555861 -1.381042455849 2.284065376025 2.903341329996 -1.797869731684 -0.985709604057 -1.468408547836 -1.556494548762 -0.558649336871 -2.526571844424 0.278296227094 -3.080490351122 -1.140438603933 4.457059087135 2.340938182227
1.311571243210 -0.446652074748 2.224261511999 2.432058085111 -1.595061099080 -0.856537371526 -0.348538770739 0.268834566749 -1.034560567793 -0.763926228696 1.437246775179 -1.380682501379 -2.631215750953 0.336248896705 1.047621772834
0.072145160128 0.791128502187 1.847234916091 1.268016752384 -0.967403348173 0.002776791623 1.136376260633 2.571514731061 -1.803371892863 0.609917137760 2.018933198106 0.298762209796 -3.086558155039 -4.413967394913 -0.345504868781
-0.803675486557 1.611413316414 1.151751458693 -0.658099614624 0.107215009884 1.999804189149 1.603545740150 3.094682841639 -1.798641062691 1.243539848449 1.906113182910 1.540605130031 -1.385464753619 -6.719527194981 -2.893776825517
-1.157202197804 1.825689069980 0.273102598318 -2.103265388135 1.023350557168 3.739978361558 0.758835444054 1.362839044099 -0.294442756160 1.347823800509 1.370346665894 2.327774133052 1.153911185510 -5.582173915074 -6.046618025035
-1.025561706053 1.480441311535 -0.618607467098 -1.695231285772 1.136787637169 2.284168220159 -0.027922182430 -0.357126255943 1.408501839675 1.065928028719 0.573818846663 2.602830769919 1.683301366207 -2.834127227692 -5.676893362655
-0.516740352192 0.708338974171 -1.322061344896 -0.815811094390 0.979436111872 -0.784855010002 -0.276496454746 -1.168360786363 2.420385275882 0.313314654782 -0.435596330323 2.143426022533 1.296041778948 -0.083817969357 -2.456329300778
0.208207949649 -0.290380412860 -1.679856087712 -0.489332390433 0.933259095625 -2.725472399930 -0.212784513620 -1.333939842394 2.792783885751 -1.123777854195 -1.558962807982 0.648072311541 1.618098185136 2.249921123477 0.965037933087
0.923437480811 -1.259686377516 -1.684792606153 -0.472003153824 0.920609267121 -3.430057563203 -0.039337881324 -1.132622449735 2.703463755215 -2.890537235290 -2.435040565003 -1.391481135468 2.479212120633 3.905660261723 3.804204523354
1.333991264461 -1.920305673427 -1.519573504591 -0.490617942110 0.852629294427 -3.444301475787 0.199260509976 -0.597832951994 2.170576873956 -3.253525606882 -2.604836230535 -1.880967792103 2.210943196622 4.269728496724 4.674523008860
1.165378306472 -2.045055608188 -1.420688869576 -0.497457077033 0.695791989801 -2.923858734765 0.594439095566 0.454725339281 1.082743044657 -1.434727093892 -2.065367324689 -0.331826598935 0.172366768887 2.960059869996 3.593476892417
0.392504638102 -1.581022874764 -1.408039041072 -0.642775838631 0.506558782908 -1.549655413839 1.168155098094 1.921334114769 -0.382991555690 0.819256372886 -1.165224040270 1.149643153942 -1.737500224920 0.318302595290 2.191505655262
-0.654397225793 -0.738060928950 -1.257372384496 -1.201733707905 0.510878236544 1.014814494031 1.376877268415 2.536599147506 -1.397343251117 2.295481074919 -0.254025011427 1.665663597195 -1.816227409636 -2.055802820210 -0.025453923210
-1.534280215779 0.136885542595 -0.823832936857 -1.900199645195 0.707207688695 3.498654600702 0.657019751215 1.321341435957 -1.572692499895 2.936868517739 0.462644337613 1.461672257047 -0.159665518316 -2.627976160726 -2.563647154796
-1.933726832938 0.759966729530 -0.185273707727 -1.373483411987 0.195918075615 3.358632312015 -0.425054806570 -0.497817031503 -1.447942565134 2.901798667983 0.914181508735 0.812725770365 0.830209273176 -1.372197860309 -2.538244653653
-1.740791237214 0.997228147086 0.520494163090 0.286369491627 -1.020059544874 1.541427883104 -1.227444741450 -1.749018767949 -1.333528465857 2.148568229242 1.060117335137 -0.176480534255 0.532526926789 0.712247051270 -0.552015890216
-0.988177863278 0.803881174825 1.199059760416 1.632444941854 -1.911666766156 0.185787928398 -1.647717295780 -2.325871516570 -1.235055207379 0.478945132881 0.775187661389 -1.524150068562 0.523888019518 2.658623712712 1.374306165060
0.126189752640 0.224200212514 1.757554831086 2.292858549497 -2.271569813722 -0.491954915855 -1.709886574893 -2.354924984476 -1.135964884096 -1.731740953406 0.086286228578 -2.997855089308 1.022579226161 4.315699824703 2.868117214039
1.119047024023 -0.423974943161 2.094112260193 2.488776625112 -2.275426468754 -0.827483903620 -1.314810833436 -1.745624911521 -1.067522112798 -2.729071944626 -0.137194074997 -3.551207953269 0.435699174458 4.582117554299 3.352153131561
1.436218333837 -0.556283921785 2.124862656313 2.312193246723 -1.954552770109 -0.913564443929 -0.268783144682 -0.220960622288 -1.173708681340 -1.649259957793 0.725153990110 -2.446199153561 -1.830574166354 2.006849012340 2.408661044585
1.064282522572 0.030596129919 1.798435374422 1.570172818608 -1.185844289174 -0.490617942110 1.175714141957 1.839984404632 -1.555260419152 -0.116368137826 1.625194430395 -0.617887558159 -3.693749923243 -2.309930675771 0.865227700864
0.507124425646 0.836431343294 1.148460446399 -0.053478949774 0.079344249521 0.964472290349 1.702533219299 2.499472415067 -1.435652691099 0.756829983438 1.832373938702 0.944674794519 -2.912854412407 -5.248136167254 -1.622109106369
0.151129455179 1.324889558586 0.319588146967 -1.984171880753 1.325095246855 3.037090126498 0.855251819849 1.193763287506 0.032858700871 1.017899818056 1.505792390611 2.008443096420 -0.040263478532 -5.349643327691 -5.398237181092
0.070911030518 1.348338021179 -0.506095984305 -2.234288815081 1.769484750651 2.948592749035 -0.037846641379 -0.146450047074 1.787791006535 0.911610405380 0.901634524364 2.588535435268 1.289768286763 -3.873058671188 -6.818977472734
0.160693959658 1.020059544874 -1.166818124350 -0.980567397348 1.732306596144 0.300510560077 -0.364993832208 -0.704122364670 2.865186156214 0.498794050778 0.116059605423 2.626227810445 0.686998816329 -2.164251959704 -4.624746447917
0.295316931301 0.495503038484 -1.568784422796 -0.002828213690 1.649619912263 -2.021195769058 -0.307966759805 -0.702991079194 3.257227995712 -0.356663457340 -0.829540786304 1.868163697397 0.372398609869 -0.612231130779 -1.535102968852
0.422329437014 -0.136422743991 -1.688083618446 0.411685069126 1.507129364355 -3.121576582728 -0.081503976338 -0.384791328038 3.123582043344 -1.790567798158 -1.816638786173 0.068494193365 1.038365800758 0.831083448316 1.618046763069
0.531909861984 -0.809486180138 -1.549038349034 0.559060713408 1.270793544007 -3.402238224907 0.228262555815 0.181879851299 2.499215304732 -3.174232779428 -2.446456263897 -1.882818986518 1.855411024759 1.802909094259 4.335137366063
0.576235683816 -1.388910032114 -1.234078188104 0.565642737995 0.934441803168 -3.101573398629 0.620612927715 1.014146007158 1.387984434906 -2.791241223738 -2.280311565127 -1.831448341495 1.028749874212 1.720788053116 4.779475447792
0.388185184466 -1.633833337666 -0.897212226595 0.311412038300 0.540445925121 -2.046392581933 0.952336682516 1.821575304613 0.096107843392 -0.624778115149 -1.452467707038 -0.149278260764 -1.026744413596 0.723765594299 2.996826647966
-0.178434572804 -1.364587394380 -0.625138069619 -0.478430912210 0.318816815961 0.111071664915 0.754978789022 1.743876561239 -0.809691868407 1.434829938026 -0.479459353552 1.099609482663 -1.532840397900 -0.218800895470 0.224714433185
-0.957427467158 -0.705716448750 -0.335888942235 -1.638101369234 0.494166064740 2.744858519223 -0.014089646383 0.581686422928 -1.327049285404 2.576245561233 0.303750150303 1.452930505642 0.032807278804 -0.673783345087 -2.534542264823
-1.553923445407 -0.007918998332 0.044685776302 -1.897114321169 0.265286444120 3.560926723949 -0.740323499902 -0.724588347372 -1.739454263470 2.938771134221 0.823730092722 1.223639508485 1.251818801251 -0.356406347004 -3.090003433534
-1.712817632717 0.455856624757 0.485989956072 -0.819050684617 -1.031423821701 2.256914524601 -1.149026089137 -1.589096139297 -2.033639909294 2.661606192603 1.092050438801 0.616293474079 1.018465460794 1.072612897440 -1.325917999928
-1.409170326548 0.588268447515 0.938092769932 0.369159019643 -2.303914293922 0.838848180447 -1.317741891261 -2.018727509838 -2.156178695171 1.615578503849 1.053535310550 -0.395384273859 0.741557629512 2.680632357427 0.774210642114
-0.746751258288 0.395847072463 1.350137793528 1.070144638220 -2.911054640059 0.005502161179 -1.265188538694 -2.063104753737 -2.119617605470 -0.323753334402 0.575155820407 -1.894440373680 1.265445649030 4.003207922994 2.658469446511
0.041343341941 0.006427758386 1.643757796614 1.397343251117 -2.982428469181 -0.467837966389 -0.844864562297 -1.569607175870 -1.954141393572 -2.257737277675 -0.080938333600 -3.300679642404 1.663092493840 4.625980577527 4.078901205751
0.607860255077 -0.258087354727 1.705052900586 1.486766225787 -2.641294476103 -0.754515990419 0.170207042069 -0.242506468399 -1.754726617396 -2.285916570440 0.008587485204 -3.138494442800 0.020157450299 3.133095125756 3.942889838297
0.750813601588 -0.084075079693 1.421614466783 1.269405148196 -1.827643108530 -0.758166957182 1.514379875815 1.555208997084 -1.670394427367 -0.745002908007 0.746134193483 -1.353223117553 -2.789955672061 -0.389882112680 2.360067191185
0.638662073264 0.416158788963 0.802441356947 0.478842288747 -0.489846611104 -0.115391118551 1.843995325865 1.973836045268 -1.218548723843 0.505067542963 1.148768978801 0.537566289364 -3.466515808771 -3.049431422600 -0.006222070118
0.561683238829 0.839516667319 0.011621387162 -0.882659781608 1.009466599053 1.267656797915 0.788248866430 0.631051607334 0.321593607584 0.991366031437 1.039291397966 1.801006477777 -1.458586933021 -3.519737648209 -3.402495335243
0.632902801750 0.962569673867 -0.745260018342 -1.761257219916 1.935886559755 2.074880407101 -0.252636615616 -0.560911907823 2.073903387826 0.998205166360 0.660516451777 2.463579812238 0.383145821891 -2.997957933442 -5.867103588823
0.775084817255 0.824758534064 -1.313833814162 -1.274341666636 2.261748198908 0.989874791492 -0.663396087534 -0.931716433612 3.161531528857 0.701088462712 0.149021150428 2.609515638641 0.461873006607 -2.303965715989 -5.447448099297
0.862862285778 0.546410884903 -1.615527081782 -0.262406808363 2.390354788701 -0.802287090746 -0.625857978558 -0.760892326738 3.570645494629 0.050187937480 -0.478790866679 2.126456740393 -0.024836858405 -1.696928213986 -3.279648016964
0.845018828498 0.175709203248 -1.633627649397 0.489949455238 2.342635110441 -2.011734108714 -0.329564027983 -0.256801803050 3.428463479124 -1.121926659780 -1.225233592565 0.719394718596 0.116676670228 -1.036360340142 -0.502702127877
0.741094830908 -0.279993155308 -1.397497517318 0.934441803168 2.089330007953 -2.517315872347 0.195763809413 0.570116457832 2.699092879512 -2.641294476103 -1.925910678740 -1.409273170682 0.770508253284 -0.453594053805 2.625147947036
0.570990632973 -0.744488687336 -0.983447033105 1.145118012038 1.653579411429 -2.457100631784 0.969048854320 1.739248575201 1.368752581814 -3.149241654822 -2.061459247590 -2.439411440705 0.464186999626 -0.586931473771 4.511412212049
0.280455953911 -1.017488441519 -0.516740352192 1.032863639579 1.074001293252 -1.770256081657 1.555517529487 2.719456018080 0.010850056156 -1.574286583975 -1.308845873654 -1.244568289791 -1.294293428667 -1.467482950628 3.521126044021
-0.224920121454 -0.898754888607 -0.104746750663 0.393584501511 0.503524880950 -0.299944917339 0.954444987266 2.282419869878 -0.559677778213 0.598398594732 -0.216898278988 0.351109874094 -1.721148007585 -1.670651537703 0.612796773517
-0.864713480194 -0.435647752391 0.253099414219 -0.613362416255 0.183422513312 1.550169634510 -0.501519420333 0.571710541912 -0.793802449676 1.996873131325 0.638713495331 1.163270001721 -0.017020704207 -0.958404486432 -2.172890866975
-1.364535972313 0.082635261814 0.590428174333 -1.103928936298 -0.191495777845 2.415654445710 -1.493605360710 -0.970488672199 -1.257166696228 2.573880146147 1.151802880760 1.316199229248 1.387315948034 -0.072453692530 -3.065732217867
-1.514431297882 0.399035240622 0.896492317655 -0.710807233392 -1.180187861794 1.833196691776 -1.772055854005 -1.821986681150 -1.773495671884 2.550431683554 1.386390350826 1.046593331493 1.446297058987 1.216954639763 -2.002786669040
-1.280615158821 0.407879836162 1.157356464005 -0.137656873601 -2.320420777458 0.904565582189 -1.680370308383 -2.184152299668 -2.148825339577 1.905033319501 1.346383982630 0.362371306787 1.193197644768 2.750309258334 -0.275108058934
-0.745465706611 0.112820015197 1.360782161415 0.169281444862 -3.014875793515 0.311360616233 -1.409427436883 -2.230689270385 -2.344280616588 0.422895079752 0.933773316296 -0.902148745035 1.562048132008 4.198920310340 1.574338006042
-0.109888957372 -0.352395425771 1.463317763194 0.231656412243 -3.187139718268 0.034761317353 -0.874586517075 -1.862764380353 -2.356981867159 -1.631416500513 0.201317392659 -2.563647154796 2.383772764113 5.201033553800 3.422807051744
0.320102367638 -0.665555814352 1.371632217571 0.154369045406 -2.893262604846 -0.053993170445 0.217772454128 -0.664321684742 -2.211303151092 -2.559790499764 -0.234998846603 -3.201692163255 1.867186678122 4.458344638812 4.095253423086
0.362885527458 -0.497868453570 0.973728262425 -0.023088508124 -2.104293829477 0.024116949465 1.895108860553 1.518185108779 -2.078222841462 -1.376517313945 -0.055844364860 -1.751744137504 -0.858594254210 1.139872961195 2.832173189142
0.181519896829 0.063043454253 0.272691221781 -0.334346280222 -0.856434527392 0.330489625191 2.766610053602 2.743058746875 -1.793396011848 0.185839350465 0.100221608759 0.339231376596 -2.799725864808 -2.049735016294 0.850829522079
0.069574056773 0.587188584106 -0.541988587134 -0.699237268296 0.467375167785 0.702014059919 1.656099092716 1.243231316047 -0.306115565390 0.990183323894 -0.029979065114 1.757092032482 -2.016413516819 -2.268124535227 -1.610847673676
0.151129455179 0.829232253901 -1.249042009628 -0.752047731198 1.395646322903 0.532732615057 0.190107382034 -0.599632724342 1.753183955383 1.199573981087 -0.271148559768 2.427532943207 -0.788351710564 -1.354200136828 -3.464407504020
0.373838427748 0.798687546049 -1.714154606461 -0.363039793659 1.947867901387 -0.314188829923 -0.564408608385 -1.355897065042 3.111652123779 1.059397426198 -0.511803833752 2.541792776282 -0.505376075365 -0.878648860375 -3.625204307812
0.634548307897 0.565488471794 -1.876494072266 0.152877805460 2.303862871855 -1.198648383879 -0.807069342985 -1.393332329884 3.697658000342 0.561734660896 -0.752459107735 2.086656060465 -0.541628632664 -0.723508483963 -2.709274448796
0.866821784944 0.169538555197 -1.724181909544 0.566671179337 2.466408025928 -1.686900910903 -0.813137146902 -1.084182862536 3.757101909899 -0.475808386788 -1.051221317531 0.846047269840 -0.144341742323 -0.500388134857 -1.192117781359
1.025150329516 -0.325707372951 -1.304063621415 0.846561490511 2.409689485927 -1.745882021856 -0.620407239447 -0.464546954095 3.302582258886 -2.011734108714 -1.437452463447 -1.093953055283 0.760686638469 -0.181725585098 0.841110751399
1.022476382027 -0.733381520844 -0.736209734534 0.964060913812 2.140803497111 -1.382585117862 0.031418882992 0.722942841225 2.057345482223 -2.891925631102 -1.582616958844 -2.363923846216 0.874535095008 -0.548056391050 2.425167528121
0.731633170563 -0.789071619503 -0.158379966639 0.793493917273 1.688289306715 -0.510723970343 1.459461108162 2.654561369412 -0.041137653672 -1.796841290343 -0.882094138870 -1.704435835781 -1.187746905656 -2.671736339820 2.414677426435
0.142696236176 -0.419295535056 0.369107597575 0.230525126767 1.140387181866 0.820233392160 2.467899265873 3.939855936338 -1.538702513548 0.163059374744 0.349052991410 -0.364119657068 -3.004180003560 -5.010309106961 0.713686869149
-0.526767655275 0.142336281706 0.840133732124 -0.360417268237 0.579526696110 1.893566198540 0.996251127811 2.510733847760 -1.310697068069 1.504198306531 1.339184893237 0.475191321983 -1.613110244628 -4.572141673283 -1.898245606645
-1.005661366089 0.605391995856 1.211606744786 -0.285186784084 -0.237724216159 1.682530035201 -1.193763287506 0.030647551986 -0.959844304311 2.068658336983 1.877213981205 0.802852733484 0.415953100695 -2.275323624620 -2.737813696031
-1.158384905347 0.799407454989 1.440434943339 0.237467105824 -1.401148484081 0.576338527950 -2.277277663169 -1.562305242343 -1.091844750532 2.082028074426 2.039964823546 0.784135101063 1.115704589662 0.124132869956 -1.709115243886
-0.978304826396 0.661647737253 1.527903879459 0.555718279047 -2.420950918620 -0.340516928273 -2.495872870371 -2.294864010114 -1.355999909176 1.576754843195 1.859627634260 0.410605205717 1.341498886256 2.194539557220 -0.241940825661
-0.526047746336 0.200186107183 1.494942334454 0.526150590470 -2.982839845718 -0.735232715260 -2.315484259017 -2.565549771278 -1.565853364972 0.400217948165 1.291928013581 -0.468403609127 1.914854934315 4.055709853493 1.274547354905
0.030596129919 -0.448246158828 1.350652014199 0.243483487673 -3.064960886861 -0.687564459067 -1.860450387334 -2.499986635738 -1.680267464249 -1.298098661632 0.451537171122 -1.769279062382 2.884520853441 5.561450822037 2.786561815633
0.379289166859 -0.943800619379 1.062071373687 -0.240295319514 -2.640214612694 -0.209390657192 -0.945497547593 -1.852634233136 -1.710246529362 -2.253829200576 -0.156220239821 -2.429178449354 3.059664413951 5.593435347767 3.286538573954
0.287295088835 -0.926625648970 0.545948086300 -0.907136685543 -1.624885897992 0.790922813919 0.762126456348 -0.017689191079 -1.792624680841 -1.407216287998 -0.360931488908 -1.363456108904 1.264880006292 2.930029382816 1.819518421930
-0.089371552603 -0.434465044847 -0.213504422560 -1.580662920294 -0.233764716993 2.047163912939 2.841686271554 2.764141794382 -2.115966638706 0.007610465929 -0.624418160680 0.442075510777 -1.178953732183 -1.471545293928 -0.159408407980
-0.395949916597 0.099553121887 -1.032863639579 -1.750972806498 0.749065251307 2.312038980522 3.240104447371 3.313226626774 -1.704178725446 0.802749889349 -1.041348280649 1.703510238573 -1.895263126754 -3.120599563453 -1.277169880326
-0.481824768638 0.402840473587 -1.675228101674 -1.143009707287 1.042273877857 0.806966498851 1.845126611341 1.006535541229 0.358926028292 1.041039748247 -1.401611282685 2.262108153377 -1.260714818857 -1.049832921719 -1.752669734712
-0.379700543396 0.491235006915 -2.021041502857 -0.255567673440 1.185638600905 -1.126811756154 0.612591085249 -0.862605175443 2.316872654829 0.993937134792 -1.578914570013 2.320523621592 -0.968946010186 0.764748981770 -1.487846089196
-0.134880081978 0.390293489217 -2.039502024943 0.443669594857 1.372557814779 -2.299183463750 -0.064843226601 -1.583593978118 3.286332885686 0.647660935005 -1.572743921962 1.888012615294 -0.891144422678 1.393229485749 -0.835402901952
0.230370860565 0.086697605115 -1.745059268783 0.905336913195 1.515099784754 -2.678369786475 -0.491646383452 -1.727730032173 3.573885084855 -0.189078940692 -1.457404225478 0.832317577927 -0.454982449617 1.583234023649 0.017432080744
0.652700297579 -0.352549691972 -1.217006061830 1.188518236662 1.567138916649 -2.491193462265 -0.826866838815 -1.587296366949 3.439827755951 -1.435241314562 -1.347001047435 -0.662984710998 0.420889619136 1.719502501439 0.931665011545
0.946063190331 -0.665761502620 -0.596907354786 1.253515729465 1.532274755162 -1.739248575201 -0.962621095934 -1.050758518927 2.794275125697 -2.068195538379 -1.121103906707 -1.613521621165 0.831494824853 1.305400595159 1.155608113724
0.883276846413 -0.539160373444 0.013832536047 0.899063421010 1.438069528252 -0.205482580094 -0.417032964104 0.345556290848 1.229450202066 -1.162550092782 -0.331878021002 -1.369935289357 -0.202705788471 -0.912690268789 0.332083709270
0.478996554948 -0.006170648051 0.619841596709 -0.013986802249 1.346898203301 2.056882683619 1.345149853020 2.832276033277 -1.299075680907 0.333729215417 0.871244082714 -0.730141930618 -2.143940243203 -5.044453359509 -0.647403824669
0.016403639402 0.557055252791 1.197157143933 -0.800898694934 1.172423129663 3.656057548066 2.678266942341 4.350821096526 -2.842663290829 1.311828353545 1.878910909419 -0.336968805644 -3.205291707951 -7.959210388399 -1.673942549996
-0.263949470375 0.880345788589 1.637484304429 -0.386076879715 0.402120564648 2.801011416486 0.945240437257 2.505180264514 -2.077297244254 1.642163712534 2.449593009989 -0.170824106875 -1.937223533500 -6.237342471874 -2.190374369786
-0.300921936613 0.924157389750 1.860296121132 0.585594500026 -0.908422237220 0.602409515965 -1.478333006784 -0.163984971952 -1.094518698021 1.489902971880 2.600156822430 -0.151489409649 -0.296602482978 -2.451907003008 -1.217314594233
-0.142439125841 0.701191306846 1.863330023091 1.085519836280 -1.987000094443 -1.039034287630 -2.656772518297 -1.710092263161 -0.693477996782 0.868878667628 2.312038980522 -0.341493947548 0.844401763693 0.683810648169 0.210573364736
0.104026841724 0.258344465063 1.679341867041 1.066493671457 -2.549094709809 -1.828260173335 -2.925452818845 -2.386138179200 -0.560191998884 -0.293568581020 1.547855641491 -0.873763764001 2.048089510147 3.128724250053 1.582565536777
0.268937410883 -0.240655273983 1.338105029828 0.739757857164 -2.665360003501 -2.018418977436 -2.713182525895 -2.593471953708 -0.491080740714 -1.624937320059 0.581275046391 -1.594444034275 3.329218889639 4.917852230332 2.765684456394
0.184245266385 -0.555306902510 0.835865700556 0.190621602704 -2.333019183895 -1.637998525100 -2.065624435025 -2.363409625546 -0.459559013588 -1.895674503291 0.018614788287 -1.612698868092 3.586072114756 5.233378033999 2.874082173821
-0.147067111879 -0.562865946372 0.158997031444 -0.604877775185 -1.380014014507 -0.380060497866 -0.751379244326 -1.331985803845 -0.612282552846 -0.716515082839 -0.206870975905 -0.391167664357 2.219839214229 3.481633896495 1.224822216028
-0.518283014205 -0.366639338355 -0.635885281641 -1.594855410811 0.249859823993 1.998518637472 1.362376245495 0.995582640939 -1.274135978368 0.549701897197 -0.621384258721 1.124754873470 0.201214548525 -0.257624556123 -1.213560783335
-0.721348757145 -0.184142422251 -1.386801727363 -2.283653999488 1.657230378192 3.998734203157 3.216913095113 3.481531052361 -2.135095647664 1.070196060287 -1.220862716862 2.067115674970 -1.281849288432 -3.733859135574 -2.543489704496
-0.717132147644 -0.147169956013 -1.916397596328 -2.017030581624 1.685409670958 2.813969777392 3.124610484686 3.026342914476 -1.333014245187 1.021036564149 -1.779563475800 2.372408487286 -1.411021520963 -2.785070575688 -1.936863579030
-0.572996093589 -0.216281214183 -2.123114306032 -1.096112782101 1.067162158329 -0.168921490392 1.976818525159 0.673731923019 0.833808817872 0.719034764126 -2.130107707156 2.227192569823 -1.026333037059 0.605443417923 -0.768297104399
-0.320616588309 -0.350647075490 -1.991525236347 -0.185016597392 0.628737614315 -2.224004401663 1.023453401302 -0.961386966324 2.358421685038 0.170001353801 -2.196442173703 1.628793975091 -0.687255926664 2.879687179134 0.228725354418
0.018151989683 -0.545588131830 -1.587810587620 0.518180170071 0.376820907639 -3.062441205574 0.302053222089 -1.718165527694 2.960574090667 -0.819050684617 -2.021195769058 0.488406793225 -0.019334697226 3.908025676809 1.201528019636
0.337585870449 -0.683399271632 -1.054152375355 1.043919384004 0.215766993512 -3.146670551468 -0.337791558717 -2.025412378560 3.023463278719 -1.917837414207 -1.740174172409 -0.779764225360 0.874380828807 4.232447498083 1.957689516202
0.458016351575 -0.525019304994 -0.516791774259 1.386338928759 0.144393164390 -2.636769334199 -0.871192660647 -1.968128195821 2.678472630609 -1.830831276689 -1.250738937842 -1.196385812927 0.857822923203 3.599390430132 1.671782823179
0.297425236051 0.021340157843 0.019848917897 1.364073173709 0.243432065606 -1.309617204660 -1.042428144058 -1.280512314687 1.731792375473 -0.297939456722 -0.231810678444 -0.783209503855 -0.321027964846 1.247345081414 0.341185415145
0.010387257552 0.696151944271 0.609762871559 0.619070265702 0.656711218813 1.197465676336 -0.312491901709 0.488509637360 -0.147375644281 1.196848611531 1.010752150730 -0.455239559952 -1.513659966875 -2.852227795308 -1.204510499527
-0.163316485079 1.132673871802 1.208521420760 -0.675223162965 1.288328468885 4.153514625099 1.460026750900 3.023051902182 -2.537833277116 1.896137301894 1.981600777399 -0.446292120278 -2.517778670951 -7.425706442335 -2.377910648465
-0.090914214616 1.159670457025 1.689934812862 -0.916701190022 1.183376029953 4.635390815804 2.072360725813 3.730208168811 -3.321454157508 1.959797820952 2.559533389429 -0.568008153081 -3.024594564195 -8.632890889351 -2.435966162210
0.254025011427 0.800178785995 1.958923645812 0.255259141037 -0.077493055105 2.147179833430 0.115185430283 1.637432882362 -2.069172557654 1.574235161908 2.764964547455 -0.712658427807 -2.198756166722 -5.125288848975 -1.324786714452
0.792825430401 0.181211364427 1.999547078813 1.211092524115 -1.327769194343 -0.381654581946 -1.895108860553 -0.545228177360 -0.765108936239 0.673217702349 2.506105861722 -0.944417684184 -0.781975374245 -0.814371276512 0.091377013220
1.240814478893 -0.416930119970 1.850268818050 1.438892281326 -1.968693838559 -1.830728432555 -2.793658060892 -1.720942319317 -0.018100567616 -0.921894818798 1.593107060530 -1.454421745587 1.035434742934 2.513202106980 1.452467707038
1.151751458693 -0.564357186318 1.513814233077 1.200756688630 -2.109641724454 -2.485588456953 -2.904009816868 -2.186363448553 0.400475058501 -2.707783208851 0.330232514855 -2.166925907193 3.258822079792 4.529975578269 2.738122228434
0.407211349290 -0.164756302958 0.905285491128 0.697951716619 -1.856799420570 -2.543541126564 -2.480189139908 -2.162040810819 0.632748535548 -2.792938151952 -0.166504653239 -2.009882914299 4.167655693549 4.349432700714 3.015338592119
-0.518283014205 0.351984049234 0.039132193056 -0.028950623772 -1.145940765111 -1.810879514658 -1.475556215161 -1.544616051264 0.579526696110 -0.840956485198 0.040931965404 -0.342573810957 2.863797760403 2.297023736932 1.534845858517
-1.120486841902 0.591559459809 -0.882711203675 -0.991983096242 0.167378828380 0.190827290973 0.249088492986 0.000102844134 -0.094822291715 0.947914384746 -0.075179062086 1.505689546476 0.916238391418 -0.684376290907 -0.718777653791
-1.263594454614 0.476425451593 -1.643089309742 -1.957638094135 1.804811710742 3.146619129401 2.287253544185 2.299697684420 -1.450050869884 1.658361663668 -0.565385627660 2.594037596446 -0.724434081171 -4.015600641163 -2.647310857952
-1.044433604675 0.079498515722 -2.106813510764 -2.305765488337 2.513356373181 4.077872764409 3.169296260988 3.326544942150 -1.958049470671 1.652808080422 -1.141158512872 2.976257821130 -1.471905248398 -4.778035629913 -2.989216182037
-0.578858209238 -0.499256849381 -2.183998033467 -1.818078604051 1.811959378067 1.541427883104 2.490730663662 1.863227178956 -0.415850256561 1.305143484823 -1.639335498845 2.866625974093 -1.398525958660 -1.536748474999 -1.807794190633
0.057284182739 -1.150157374613 -1.841012845973 -0.974345327230 0.774673440718 -1.262308902937 1.494942334454 -0.064586116266 1.398577380727 0.609145806754 -1.956609652793 2.228838075970 -1.186667042247 2.396576858819 -0.523219532646
0.665607236419 -1.678159159498 -1.242974205711 -0.159099875578 -0.022214332983 -2.703926553819 0.686895972195 -1.255366923880 2.309519299235 -0.842807679613 -2.049323639757 0.778118719213 -0.350441387222 5.005166900252 0.859776961753
0.827586747754 -1.687003755037 -0.737238175876 0.522139669237 -0.571659119845 -3.118851213172 -0.019694651696 -1.872431728966 2.512173665638 -3.005465555237 -2.014870854806 -1.217931659038 1.675382367875 6.146068302788 2.562361603119
0.370598837521 -0.940920983622 -0.434002246244 1.055386504965 -0.905439757329 -2.875933368236 -0.640359001478 -2.099357311036 2.270952748917 -3.555887361374 -1.812010800134 -1.972910448060 2.770261020365 5.757677430054 3.012047579825
-0.337688714583 0.217309655524 -0.113848456538 1.348749397716 -0.960512791183 -1.971933428786 -0.997228147086 -1.811702267732 1.559322762452 -1.097398333778 -0.896595161790 -1.043816539870 1.083720063932 3.451192032778 1.570584195145
-0.869341466232 1.221685469936 0.352344003704 1.110510960886 -0.543274138811 -0.121150390065 -0.727879359666 -0.683656381968 0.172366768887 1.482806726621 0.432665272499 -0.289300549451 -0.996096861610 -0.427265955455 -0.114362677209
-1.049987187921 1.754058130523 0.895206765978 0.056975650336 0.515814754985 2.751132011408 0.483110320315 1.378317086293 -1.848931844305 2.670605054344 1.475041994490 -0.180902832024 -2.160909525343 -5.123489076627 -1.616504101056
-0.859879805887 1.735443342237 1.390298427925 -1.019802434538 1.461415146711 4.930759169172 1.699756427676 3.003974315292 -3.323716728460 2.897942012951 2.115143885633 -0.338820000059 -2.717964778134 -8.315719579537 -2.658572290645
-0.268988832950 1.130874099454 1.738168711792 -0.504244789889 0.827792436023 3.911265267036 0.947348742008 2.250023967611 -2.830013462325 2.620108584461 2.454323840162 -0.539366061712 -2.794326547764 -6.662397278444 -2.279797344456
0.750196536783 -0.057489871007 1.898759827316 0.825735553339 -0.636708034714 1.178593777714 -0.954650675535 0.280918752515 -1.303395134542 1.865386905774 2.487799605837 -0.768348526466 -2.486668320361 -2.074469030564 -1.005404255753
1.880556415566 -1.386647461162 1.909301351070 1.556957347366 -1.562613774746 -0.909090724093 -2.217730909478 -1.140798558402 -0.057284182739 0.271868468707 1.943805558087 -1.211915277188 -1.492319809033 2.146459924491 0.268577456414
2.214954117855 -1.673942549996 1.760537310977 1.600871792661 -1.831756873897 -2.072720680283 -2.609875593110 -1.805634463815 0.729936242349 -2.415654445710 0.513706450234 -2.168314303004 1.209806972438 4.797833125743 1.750561429961
1.278815386473 -0.507638646317 1.209549862102 1.236546447325 -1.654710696905 -2.594551817117 -2.371071513542 -1.896445834297 1.194020397841 -4.396123937632 -0.825324176802 -3.011121982617 4.251885039443 4.884119354321 3.202052117724
-0.080475534997 0.880140100321 0.226925582070 0.617836136092 -1.090970575392 -2.465893805257 -1.559322762452 -1.425265433547 1.303395134542 -2.861689455652 -0.506353094640 -1.740688393080 3.883857305277 2.142191892922 2.676158637590
-1.007306872235 1.579840167221 -0.826763994681 -0.249602713657 -0.077698743374 -1.340367600780 -0.121973143139 -0.255156296903 0.772616558034 -0.120481903193 0.145267339531 0.803006999685 1.499158943956 -1.392458154743 0.591610881876
-1.355742798841 1.578811725879 -1.664326623450 -1.313628125893 1.364176017843 1.091587640197 1.734569167096 1.555877483957 -0.592947855620 1.325969421995 0.142233437572 2.536753413708 -0.391476196760 -4.641767152124 -1.370655198297
-1.268633817189 1.091227685727 -2.178958670892 -2.132370278108 2.610955456519 3.480142656550 2.962939505753 2.884623697575 -1.741202613751 1.740996925482 -0.186970635941 3.287926969765 -1.302778069737 -6.400041892148 -2.847702653404
-0.833448863403 0.226102828997 -2.292652861229 -2.141060607446 2.629724511007 2.843537465969 2.606687424951 2.308593702027 -0.968380367448 1.739197153134 -0.570373568168 3.468109892850 -1.371117996901 -4.593944629729 -3.050408441874
-0.003702388831 -0.997845211891 -1.863895665829 -1.503941196195 1.605345512498 0.036612511768 1.454216057319 0.667561274969 0.809794712541 1.493245406240 -0.923180370475 3.210793869130 -1.439715034399 -0.351829783033 -2.192791206939
1.117092985474 -2.352405303188 -0.943080710439 -0.702219748188 0.442384043179 -2.069223979721 0.443669594857 -0.643341481369 1.948382122058 0.660567873844 -1.237626310734 2.218090863948 -1.518905017719 3.790886207977 -1.154168295846
1.684586917884 -2.925401396777 -0.193501238461 0.032910122938 -0.484498716127 -2.931469200694 -0.313777453386 -1.389167142449 2.253417824039 -1.564362125027 -1.576549154927 -0.030441863718 0.160591115524 6.375924942683 0.902560121572
0.905131224927 -1.970956409511 -0.113745612404 0.640204735276 -1.127994463697 -2.951935183396 -0.910119165434 -1.739042886933 2.020887236656 -4.621866812159 -1.959746398885 -2.652144532259 3.986855705659 6.797431626624 3.697195201738
-0.446394964412 -0.287706465371 -0.178640261072 1.079297766162 -1.456684316539 -2.324894497295 -1.247499347615 -1.684586917884 1.362479089629 -4.022799730555 -1.724181909544 -2.587404149792 4.637601964689 5.153108187271 3.728665506798
-1.399811510337 1.084337128737 0.024476903935 1.179416530787 -1.345818339892 -0.979384689805 -1.026590147394 -0.998462276696 0.190107382034 -0.113231391733 -0.510621126208 -0.954033610730 1.360165096610 1.770307503724 1.719039702835
-1.789127980279 1.858136394315 0.416415899299 0.622515544197 -0.551553091612 1.239991725820 0.038772238586 0.508667087659 -1.511397395923 2.504203245239 0.656968329148 -0.201265970592 -1.376723002213 -2.472321563643 0.056307163464
-1.721919338592 2.071126596203 0.848104152523 -0.544559690488 0.813497101371 3.813460495430 1.432258834671 2.154738877292 -3.073394105864 3.408511717093 1.366438588795 -0.120944701797 -2.574445788885 -6.405595475394 -1.467585794762
-1.211555322719 1.683867008945 1.229913000670 -1.043045208863 1.317793313328 4.658530745995 1.426705251425 2.165846043784 -3.213364972484 3.484256421917 1.753595331920 -0.223531725642 -2.656875362431 -6.921101697976 -2.452112691277
-0.128658011860 0.493394733733 1.527029704319 -0.053376105640 0.144496008524 2.905706745082 -0.115031164081 0.551553091612 -1.974504532140 3.120188186916 1.943085649148 -0.355275061528 -2.822968639133 -3.132220950615 -2.103213966068
1.441309118479 -1.423465661199 1.756115013207 1.120692530170 -1.186924152582 0.587445694442 -1.519316394255 -0.994451355463 -0.550781760606 2.152733416676 1.872740261368 -0.591199505339 -3.195932891740 1.732152329943 -1.201887974106
2.508934075412 -2.607407333890 1.858033550180 1.623188969778 -1.784448572174 -1.039239975899 -2.127073805198 -1.829545725012 0.514734891576 -0.031007506456 1.178593777714 -1.264982850426 -1.974607376274 5.042910697496 -0.068597037499
2.013071082458 -1.464037672133 1.479207181925 1.547752797356 -1.784499994241 -2.003249467644 -2.069481090056 -2.032457201751 1.217108905965 -3.484564954319 -0.397029780006 -2.705057839295 1.993016476293 5.677921803997 2.011836952848
0.680005415205 0.627246374370 0.513552184033 1.123417899726 -1.371117996901 -2.421979359962 -1.444548708706 -1.651059730141 1.556340282560 -4.915692503514 -1.336459523682 -3.313792269512 4.556715053156 3.731133766018 3.665827740813
-0.356714879407 1.927299074551 -0.581120780190 0.445932165809 -0.563534433245 -2.123114306032 -0.239112611971 -0.628223393644 1.324118227580 -2.388760704621 -0.522242513371 -0.990286168028 2.538553186056 -0.213658688761 2.370762981140
-0.857668657002 2.261645354774 -1.455964407600 -0.499925336254 0.654911446464 -0.741146252975 1.404696606711 0.949045670222 0.257418867855 0.062426389448 0.188204765551 1.713331853388 -0.109580424970 -4.054218613548 0.226668471735
-0.954856363803 1.931052885449 -2.010140024634 -1.556288860493 2.054003047862 1.623086125644 2.785841906694 2.365260819961 -1.088862270641 1.080583317839 0.288117841908 3.108978176290 -1.355280000237 -6.639000237918 -1.632496363921
-0.735798357998 1.099609482663 -2.198190523984 -2.125428299051 2.870534051192 3.002945873950 2.838240993059 2.463579812238 -1.057134855246 1.411844274036 0.158277122504 3.611166083496 -1.388858610047 -6.592000468597 -3.358529467881
-0.132000446221 -0.263126717302 -1.881430590707 -1.812062222201 2.515156145530 1.526104107111 1.686746644702 1.380785345514 0.410913738120 1.520396257664 -0.015683730463 3.660119891366 -1.263080233943 -3.617285309480 -3.715758567958
0.941640892561 -2.096117720809 -0.938041347865 -1.031629509969 1.432824477409 -0.956707558218 0.371935811265 0.217258233457 1.707881114276 1.375694560872 -0.219572226476 3.233830955186 -1.657230378192 0.665710080553 -3.046808897178
1.869397827007 -3.423835493085 0.097033440600 -0.240706696051 0.284466875145 -2.502454894958 -0.632028626609 -0.559112135475 2.181684040448 0.414718971085 -0.560243420951 1.844920923072 -1.411021520963 4.258621330232 -1.620874976759
1.349263618387 -2.791704022342 0.287192244700 0.408136946497 -0.638559229130 -2.985770903542 -1.344378522014 -0.992857271383 2.013585303129 -2.320626465726 -1.235877960453 -1.041451124784 1.907501578721 5.658792795039 1.726958701167
-0.233404762524 -0.893355571563 -0.007610465929 0.887390611780 -1.250944626110 -2.689785485369 -1.766348004558 -1.141929843878 1.410507300292 -5.252764153293 -1.923853796056 -3.566634573396 6.365383418929 5.209775305205 4.853934600939
-1.477150299241 0.697951716619 -0.050959268487 1.128714372636 -1.477870208180 -1.702276108963 -1.670960070105 -0.886259326304 0.405668687277 -3.199532436437 -1.332088647979 -2.590746584153 5.218671322812 2.998369309979 3.938467540527
-2.036313856783 1.609202167530 0.173755164699 0.910376275770 -1.167178078820 0.016506483536 -0.766908708587 -0.019694651696 -1.014608805762 0.926265694501 -0.025813877679 -0.869649998634 0.966374906831 -0.396412715201 1.694202844430
-2.088507254880 1.982217842204 0.490103721439 0.051422067090 -0.175246404644 2.339806896751 0.764234761099 1.315016521705 -2.544261035503 3.077405027097 0.836225655025 -0.225177231789 -1.804914554876 -3.958162192223 -0.060266662630
-1.706338452263 1.832373938702 0.809177647736 -0.918603806504 0.890990156477 4.179431346913 1.604574181491 1.955324101116 -3.302376570618 3.716838431367 1.253978528068 -0.107626386420 -2.696676042359 -5.932512458162 -1.578606037611
-0.765931689313 0.909964899233 1.117555784077 -0.816531003330 0.614236591396 3.936719190246 0.775856148261 0.925237253159 -2.753548848561 3.700589058166 1.436269755904 -0.114568365478 -2.894651000657 -3.885554233491 -2.186260604419
0.791282768388 -0.984269786179 1.449999447817 0.205996800764 -0.716103706302 2.101774148189 -0.603695067642 -0.757241359974 -1.511140285588 3.235013662729 1.460695237772 -0.177149021127 -3.628701008374 0.997073880884 -1.863792821694
2.187083357492 -2.738790715306 1.712766210650 1.041656813052 -1.689780546660 0.259732860874 -1.437915262051 -1.937120689365 -0.293157204483 1.937017845231 1.208778531096 -0.481104859699 -3.728305552328 5.157067686437 -1.198442695611
2.123988481172 -2.116532281444 1.451850642233 1.323244052439 -1.951518868151 -1.051786960269 -1.608636524792 -2.399662182844 0.656968329148 -0.963135316605 0.317222731881 -1.525487042306 -0.875614958417 6.150644866759 0.468403609127
1.007358294303 0.148249819422 0.526819077342 1.181421991404 -1.708909555618 -1.882356187914 -1.232021305421 -2.217422377076 1.294036318332 -4.601812205994 -1.096369892436 -3.260261897671 3.644590427105 4.874194895372 3.321865534045
0.043348802557 1.818541402655 -0.526870499409 0.769788344344 -1.078372168954 -2.185746383748 -0.339745597267 -1.396726186312 1.499981697029 -4.485752600571 -1.321032903554 -2.817569322089 4.012001096466 1.977229901696 4.030050242015
-0.449274600170 2.426298813597 -1.341293197988 0.127938102921 -0.067054375486 -1.715645846407 0.959998570512 -0.010695789955 1.038057268356 -1.492782607637 -0.459610435655 0.228776776486 0.854120534373 -1.889401011106 1.790002155420
-0.596136023780 2.264062191927 -1.847697714695 -0.742637492921 1.235569428050 -0.237004307220 2.251155253087 1.477047455107 -0.006633446655 0.355892126333 0.042166095014 2.492324747741 -1.268171018585 -5.019307968702 -0.400320792299
-0.470203381475 1.504609683067 -2.011682686647 -1.583902510521 2.422802113035 1.702430375165 2.779465570375 2.207240807792 -0.603643645575 1.039291397966 0.175297826711 3.425686687501 -1.764291121874 -6.310001852673 -2.512790730443
-0.010798634089 0.114465521343 -1.724233331611 -1.816998740642 2.851096509832 2.202664243821 2.148002586504 1.878602377017 0.094873713782 1.320672949085 0.198334912768 3.687784963461 -1.640775316723 -5.042550743027 -4.260935323251
0.868107336621 -1.873203059972 -0.884510976023 -1.264365785621 2.330910879144 0.570630678503 0.907239529677 1.133753735211 1.280049516083 1.450359402287 0.199466198244 3.566685995463 -1.961031950563 -1.790979174694 -4.532855214026
1.697648122925 -3.462196355135 0.096622064063 -0.405257310740 1.297635863028 -1.417295013148 -0.286472335761 0.496582901893 1.976921369294 1.215926198422 0.133337419966 2.868682856777 -2.221896096913 1.534485904047 -3.524828432851
1.295424714143 -2.951729495128 0.401194967440 0.347047530794 0.239626832642 -2.542101308685 -1.221685469936 0.047719678260 2.031017383873 -0.154523311607 -0.225228653856 0.972134178346 -0.266212041327 2.889405949814 -0.862193798906
-0.167018873910 -0.949559890893 0.234998846603 0.870524173775 -0.593204965956 -2.745835538497 -1.883744583726 -0.261069834618 1.609253589597 -3.409643002569 -1.155505269590 -2.280517253396 4.589830864362 2.959237116923 3.182614576364
-1.385567597753 0.720268893736 0.207488040710 1.152625633833 -1.101254988810 -2.186260604419 -2.137512484817 -0.380728984738 0.815965360592 -5.249781673401 -1.691580319008 -3.866270958332 7.619979011803 2.453295398820 5.029386693852
-1.941800097471 1.618406717539 0.377232284176 1.101254988810 -1.200191045892 -0.924928720756 -1.712149145845 -0.148044131153 -0.313726031319 -1.862970068621 -0.573973112864 -2.216291091600 4.415767167261 0.304161526840 3.077867825701
-2.011888374915 1.970493610907 0.604363554514 0.546667995239 -0.787066158887 0.959895726378 -0.547439326245 0.523373798847 -1.651522528745 1.765473829417 0.658202458758 -0.768142838198 0.246825922034 -2.364849443424 0.855097553648
-1.684586917884 1.841732754913 0.815708250256 -0.372347187802 0.013318315376 2.967207537322 0.724331237037 1.256652475557 -2.746812557772 3.337035043837 1.244979666328 -0.236232976214 -2.004894973791 -4.356888900442 -0.800230208062
-0.838231115642 0.976299365780 1.010083663858 -0.901017459559 0.331672332734 3.832126705784 0.980104598745 1.108454078202 -3.017601163071 3.756999065765 1.436989664843 -0.049365184407 -2.998472154113 -3.853723973962 -1.775244022165
0.630074588060 -0.927756934446 1.243231316047 -0.553455708095 -0.441458445972 2.939850997630 0.196792250755 -0.136782698461 -2.420333853815 3.661611131312 1.421614466783 0.046742658985 -3.937850475722 0.083458014888 -1.810725248457
2.048706574952 -2.896759305408 1.463009230791 0.127886680854 -1.453136193910 1.290950994307 -0.625909400625 -1.539473844555 -1.411998540238 3.030559523977 1.217057483897 0.022471443319 -4.581706177762 4.672260437908 -1.364690238514
2.060070851779 -2.460803020615 1.188209704260 0.574538755602 -1.916500440462 -0.171852548216 -0.964472290349 -2.387629419145 -0.385819769380 1.227547585584 0.668743982512 -0.442795419716 -2.898250545354 6.095828943241 -0.187947655216
0.945651813794 -0.097084862667 0.230010906096 0.688284368006 -1.819055623326 -1.228318916590 -0.800127363928 -2.548220534669 0.476733983996 -2.473401427052 -0.419038424720 -1.916860394932 1.638615589905 4.882885224711 2.439051486236
-0.040880543337 1.723564844739 -0.814268432378 0.554278461168 -1.329620388759 -1.859061991522 -0.189284628960 -2.060122273846 1.060168757204 -5.531780289326 -1.398988757264 -3.401209783566 5.207358468052 3.065012308928 5.014525716462
-0.526253434604 2.419871055211 -1.551506608254 0.248008629577 -0.504193367822 -1.917991680408 0.752716218070 -1.008129625309 1.210886835847 -3.633431838546 -1.275884328649 -1.674868147204 3.158909003435 0.367462091429 3.933633866220
-0.652083232774 2.318415316841 -1.958717957543 -0.234176093530 0.607911677144 -1.186615620180 1.705669965391 0.287757887438 0.865999031871 -0.552375844686 -0.822958761716 1.300566920852 -0.266571995797 -2.391486074177 0.979024735336
-0.513397917831 1.582668380911 -2.035902480246 -0.853812001970 1.785528435583 0.314548784392 2.249664013141 1.285705943463 0.384945594239 0.929916661264 -0.548313501386 2.898096279152 -1.812267910470 -4.105743524772 -1.561482489270
-0.044582932167 0.134365861307 -1.692043117612 -1.312702528686 2.573931568214 1.672862686588 2.110464477528 1.626942780676 0.397903955146 1.497667704010 -0.361291443378 3.428566323258 -2.250692454483 -3.974051610954 -3.807238425312
0.805269570637 -1.978104076837 -0.896749427991 -1.176948271567 2.588792545603 1.481778285279 1.384230624009 1.490262926349 0.958301642298 1.766450848692 -0.175657781181 3.470680996205 -2.778797083502 -1.924882237398 -5.014474294395
1.498130502614 -3.573010909715 -0.059958130228 -0.470974712482 1.909044240734 -0.059701019892 0.420581086733 1.224410839491 1.538291137012 1.810519560189 0.036303979366 3.137620267660 -3.258102170853 0.403303272191 -4.556355098686
1.006844073632 -2.857884222688 0.322107828255 0.336608851174 0.948737137819 -1.536131410194 -0.519979942419 0.950588332235 1.783934351503 1.234335298440 0.188873252423 2.116995080048 -2.057859702894 0.769376967808 -2.687162959947
-0.266777684065 -0.700779930309 0.528156051086 0.921483442261 0.059495331624 -2.241847858944 -1.340213334579 0.645861162656 1.649105691592 -0.889190384129 -0.069882589176 -0.180491455488 1.574646538445 0.065306025205 0.245180415887
-1.202453616844 0.987355110204 0.792414053864 1.217263172166 -0.595827491377 -2.164200537637 -1.933058346065 0.340979726877 1.155196737188 -4.530027000336 -0.984321208246 -3.189916509891 6.447607304207 0.251659596341 3.406660522677
-1.564670657429 1.839367339826 1.047827461103 1.224359417424 -0.943234976641 -1.396931874580 -2.058065391162 0.180748565823 0.323444801999 -4.876663154593 -1.020265233142 -3.617799530151 7.275091207827 -0.056769962068 3.643510563696
-1.547392842887 2.143940243203 1.229758734469 0.871706881318 -0.933104829424 -0.024476903935 -1.535720033657 0.303235929633 -0.756778561371 -0.948582871618 0.430916922218 -1.865592594043 3.159988866844 -1.944474044959 1.416986480745
-1.249556230299 2.002580980772 1.299744167779 0.167738782849 -0.586314408966 1.689009215654 -0.574744443870 0.653008829982 -1.847697714695 2.014202367934 1.513659966875 -0.687101660463 -0.357897586950 -3.582935368663 -0.454262540677
-0.543428405012 1.143626772092 1.244979666328 -0.517871637668 -0.256133316178 2.949672612444 0.157454369431 0.807737829857 -2.550534527688 3.203183403200 1.884053116128 -0.157197259096 -2.299389152018 -3.579335823967 -1.487126180257
0.742431804652 -0.844504607827 1.129691391911 -0.729319177544 -0.509335574531 2.861432345317 0.148146975288 0.258035932660 -2.596711543935 3.545397259687 1.861067452139 0.142387703774 -3.706708284150 -0.765571734843 -1.537211273603
2.116172326975 -3.138134488331 1.077857948284 -0.528875960026 -1.174120057877 1.659647215345 -0.283798388272 -0.839156712850 -2.083416470238 3.443273034446 1.600049039587 0.344836381909 -4.746925279324 3.551310797403 -0.999130763568
2.179524313630 -2.944890360205 0.788454554698 -0.264823645516 -1.596089540421 0.260195659478 -0.561734660896 -1.831242653226 -1.291156682575 2.671376385350 1.086496855555 0.340465506206 -4.024342392568 5.285674276231 -0.098061881942
0.962055453196 -0.426751734784 -0.123772915487 -0.104746750663 -1.554951886749 -0.842601991345 -0.454982449617 -2.311061961247 -0.451794281457 0.422072326679 0.221423420892 -0.269863008091 -0.824604267863 4.071239317755 1.687826508111
-0.212475981218 1.593826969469 -1.163732800325 -0.059649597825 -1.156945087469 -1.547135732551 0.042886003953 -2.192276986268 0.275468013404 -3.609571999416 -0.807017920918 -1.865901126445 3.838297353835 2.562155914850 4.301558756253
-0.858234299740 2.384235562717 -1.893411932339 -0.101815692839 -0.494268908874 -1.778535034458 0.832266155859 -1.531503424156 0.753693237345 -5.604336825990 -1.350189215595 -2.685980252404 5.731606442039 0.991468875572 5.604131137722
-1.062225639888 2.333636248700 -2.262879484384 -0.227851179278 0.390139223015 -1.370963730699 1.629513884030 -0.574127379065 0.913924398399 -2.883492412099 -1.570738461346 -0.661030672448 2.544158191369 -0.579269585774 3.380743800864
-0.940303918817 1.652345281818 -2.293218503967 -0.471848887622 1.372454970645 -0.242969267003 2.058939566303 0.283592700004 0.880602898924 0.022214332983 -1.674816725137 1.577011953531 -0.668281183908 -1.633679071465 0.078984295051
-0.435236375854 0.225794296594 -1.920614205829 -0.751276400192 2.150933644328 1.163887066526 1.974093155604 0.809743290474 0.907856594482 1.443931643901 -1.552277939260 2.600156822430 -2.231049224855 -1.634296136270 -2.750772056938
0.509027042129 -1.972910448060 -1.155813801993 -0.752459107735 2.351428283913 1.689369170124 1.485892050647 1.055437927032 1.101614943279 2.087581657672 -1.270485011605 2.860609592243 -3.329835954444 -0.163367907146 -4.495831325721
1.245699575267 -3.674569492219 -0.396104182798 -0.254693498299 1.876596916400 0.779301426756 0.794573780682 1.167383767088 1.340521866982 2.377190739526 -0.870369907573 2.735859657482 -4.162616330974 1.501112982505 -4.459218813952
0.692449555440 -2.862203676323 0.136525588125 0.475088477849 1.032195152707 -0.626834997833 0.043143114289 1.182347588611 1.485480674110 2.241693592742 -0.361445709579 2.225907018146 -3.452426162388 1.009003800449 -3.220975438414
-0.484550138194 -0.578343988567 0.778118719213 1.049524389317 0.188718986222 -1.566470429777 -0.709830214117 1.049678655518 1.469848365714 1.157664996408 0.120070526656 1.026538725327 -1.012706189280 -0.780175601897 -1.707932536343
-1.123109367323 1.104237468701 1.421151668180 1.323655428976 -0.469534894603 -1.813399195946 -1.392098200273 0.787169003021 1.217057483897 -1.616761211392 0.155808863284 -1.152214257296 2.808107661744 -1.577577596269 0.327661411501
-1.164812663734 1.882253343780 1.855873823363 1.305246328958 -0.883842489151 -1.439355079930 -1.826614667188 0.523219532646 0.659539432503 -4.766877041355 -0.348538770739 -3.195264404868 6.452903777117 -1.172988772401 2.118949118597
-0.905594023530 2.124759812179 2.073646277491 1.009877975590 -1.023093446832 -0.499565381784 -1.787019675528 0.417804295110 -0.174629339839 -3.964692794743 0.098781790881 -2.909254867711 5.647274252011 -1.618098185136 1.509957578045
-0.516277553588 2.021041502857 2.081616697890 0.447680516090 -0.882711203675 0.871552615117 -1.253310041196 0.533298257795 -1.133702313144 -0.618967421568 1.500804450103 -1.449382383012 1.941028766464 -3.172330162946 -0.370033194783
0.049313762340 1.366078634326 1.824403518303 -0.203837073947 -0.618144668495 2.148825339577 -0.570476412302 0.705973559085 -1.939331838250 1.608482258590 2.373385506561 -0.440275738429 -0.883585378816 -3.827190187343 -1.593775547402
0.978407670531 -0.353783821583 1.283803326981 -0.638456384995 -0.588217025448 2.454272418094 -0.240398163648 0.547336482111 -2.294761165980 2.593729064044 2.543489704496 0.132514666892 -2.693590718334 -2.149185294047 -1.576086356323
2.115658106304 -2.818494919296 0.724228392902 -0.787066158887 -0.853297781299 1.564156436758 -0.370855947857 -0.149998169703 -2.115812372505 2.983405488456 2.278151838310 0.512883697160 -3.941398598351 1.543330499587 -0.685867530853
2.358833061575 -3.332355635732 0.328638430775 -0.802235668679 -1.024430420577 0.229033886821 -0.583177662873 -1.064899587377 -1.560505469995 2.919333592861 1.707418315672 0.743768778397 -3.893010433219 3.714061639744 0.259115796069
1.224462261559 -1.018722571130 -0.423666410758 -0.773850687645 -0.889498916531 -0.874740783276 -0.538646152773 -1.737500224920 -0.848875483530 2.023612606212 0.836482765361 0.659745120771 -1.935835137688 2.808878992750 1.487537556793
-0.130714894544 1.222713911277 -1.419660428234 -0.709007461044 -0.520082786553 -1.544770317465 -0.133491686167 -1.949256297199 -0.152672117192 -0.336917383577 -0.230782237102 -0.067774284425 1.309874314996 1.476893188906 3.184774303182
-1.016048623641 2.207035119523 -2.170833984292 -0.607603144741 -0.006736290789 -1.739608529671 0.587651382710 -1.669108875690 0.394664364919 -3.549665291256 -1.019648168337 -1.308125964715 4.585254300391 0.488303949091 4.823955535825
-1.434881360093 2.309570721302 -2.566166836083 -0.485475735401 0.611254111505 -1.362993310300 1.422745752259 -1.021705051021 0.707259110762 -4.279755799807 -1.454781700057 -1.466608775488 4.777110032706 -0.444132393460 4.688509811109
-1.482498194219 1.833968022782 -2.621034181669 -0.405308732807 1.278506854071 -0.323856178536 2.020578704253 -0.297013859515 0.819050684617 -2.021658567662 -2.063310442006 -0.102638445913 1.888989634569 -0.752407685668 2.228683809769
-1.108454078202 0.691009737562 -2.285093817367 -0.411222270523 1.833042425574 1.083720063932 2.127279493466 0.251248219804 0.870421329641 0.198592023103 -2.483840106671 1.112927798039 -0.805886635442 -0.291717386604 -0.781821108044
-0.135702835052 -1.378368508360 -1.537108429469 -0.335323299497 1.978618297508 1.853148453807 1.774421269091 0.585645922093 0.961746920793 1.484195122433 -2.463734078439 1.623806034583 -2.787693101109 1.277632678930 -2.901747245916
0.992548738980 -3.591471431800 -0.736312578669 0.098936057082 1.504815371336 1.231712773018 1.147637693325 0.783466614191 1.081766025382 2.163789161100 -2.108407594844 1.684278385482 -4.402757384287 3.411391352850 -3.261547449348
0.771382428424 -3.423218428280 -0.136062789521 0.767371507191 0.627657750906 -0.071065296719 0.408908277504 0.874072296404 1.182707543081 2.383001433107 -1.493245406240 1.459049731625 -4.330560802092 3.414888053412 -2.434526344332
-0.514014982636 -1.042376721991 0.746442725885 1.286785806872 -0.230370860565 -1.049730077585 -0.357434788346 0.812108705560 1.221582625801 1.933109768132 -0.686793128060 0.887133501445 -2.348600070224 1.147329160923 -1.805325931413
-1.232638370226 0.940046808481 1.709372354222 1.487074758190 -0.857565812868 -1.421151668180 -1.074824046325 0.611922598377 1.105985818982 0.418781314385 0.092662564897 -0.191187245442 0.401400655708 -0.787169003021 -1.202813571313
-1.160801742501 1.844458124468 2.354770718274 1.382430851660 -1.226210611840 -1.257012430027 -1.598609221709 0.392247527766 0.737855240681 -1.957689516202 0.482544677577 -1.590844489578 3.334721050818 -1.493451094509 -0.244717617284
-0.694506438124 2.080999633085 2.669628035069 1.022784914430 -1.338207873963 -0.604363554514 -1.748761657613 0.290894633531 0.105003860999 -3.226580443726 0.673834767154 -2.269255820703 4.647217891235 -1.707829692209 0.099296011552
-0.110814554580 1.977024213428 2.724186848252 0.465883927840 -1.190883651748 0.496582901893 -1.430099107853 0.397646844811 -0.702579702657 -2.101619881988 1.441052008144 -1.643397842145 3.176495350380 -2.624942258768 -0.874432250874
0.510826814477 1.519213550121 2.485177080416 -0.149432526965 -0.884665242225 1.685358248891 -0.782541016983 0.675634539502 -1.493553938643 -0.329718294184 2.421465139291 -0.626012244760 0.751070711924 -3.731750830823 -2.050712035568
1.258760780308 0.283695544138 1.837413301277 -0.614185169329 -0.674966052630 2.131856057437 -0.221937641563 0.861936688571 -1.982886329076 0.833860239939 2.921339053477 0.123670071353 -1.256703897624 -3.392262343892 -2.109744568588
2.161269479813 -1.968333884089 0.903280030511 -0.873969452270 -0.622772654533 1.374306165060 -0.124184292024 0.584668902819 -1.951056069547 1.478744383321 2.846982744464 0.607603144741 -2.642528605713 -0.840390842460 -0.934133270766
2.591209382756 -3.379561093321 0.197049361091 -1.028544185944 -0.452719878665 0.042423205350 -0.374044116016 -0.162802264408 -1.450667934690 1.789025136145 2.311679026053 0.911147606776 -2.977954749344 1.683249944140 0.300253449741
1.710297951429 -1.787173941730 -0.517151728729 -1.112156467033 -0.054147436646 -1.059963068936 -0.567236822075 -0.960152836713 -0.728753534806 1.587450633150 1.410044501688 0.961181278055 -1.619126626478 1.391172603066 1.344378522014
0.236952885153 0.595930335512 -1.561173956867 -1.093130302209 0.426597468583 -1.675639478210 -0.461307363869 -1.459461108162 -0.012392718169 0.559934888548 0.294185645825 0.600969698086 0.757447048243 0.142387703774 2.647979344824
-0.867181739414 1.831396919427 -2.420745230351 -0.959690038110 0.871501193049 -1.802549139790 -0.019951762031 -1.544513207130 0.552787221223 -1.104700267305 -0.697694606284 -0.103718309321 2.951472384792 -0.461204519735 3.774379724441
-1.485532096177 2.130004863022 -2.870019830521 -0.733741475314 1.253464307398 -1.393692284353 0.652648875512 -1.236289336989 0.880500054790 -2.163480628698 -1.350446325930 -0.554689837705 3.730105324676 -0.796682085433 3.938518962594
-1.762491349526 1.937326377634 -2.953940644013 -0.483881651321 1.563745060222 -0.386385412118 1.337693653292 -0.651157635567 0.946731677203 -1.689472014258 -1.922002601641 -0.316862777412 2.598254205948 -0.928991064057 2.710302890138
-1.716005800876 1.305246328958 -2.668856704063 -0.292488717611 1.760331622708 0.955833383078 1.785682701784 0.024528326002 0.809074803602 -0.467066635383 -2.470470369228 0.157505791498 0.690238406556 -0.619790174642 0.746288459684
-1.095341451094 -0.130869160745 -1.933521144669 -0.069265524371 1.677593516760 1.730403979662 1.842298397651 0.577058436889 0.606163326863 0.587599960643 -2.753188894091 0.404434557667 -1.265188538694 0.629200412919 -0.807634985723
0.319176770431 -2.606841691152 -0.916804034156 0.438784498483 1.077189461411 1.258966468576 1.488360309867 0.833603129604 0.498279830107 1.269919368867 -2.672867625296 0.394561520785 -3.516138103513 3.368762459232 -1.234900941178
1.301029719456 -4.251267974638 -0.245386104156 1.129897080179 0.076670302032 0.191238667509 0.814885497183 0.763617696294 0.542759918140 1.557574412171 -2.228323855299 0.215047084572 -4.803078176586 5.638841033008 -0.703608143999
0.289917614256 -2.595631680526 0.380214764067 1.603597162217 -0.862708019577 -0.578035456164 -0.014038224316 0.466706680913 0.645809740589 1.296915954089 -1.455295920728 -0.121870299004 -3.176083973844 4.446723251649 -0.325913061219
-1.016511422245 0.118579286711 1.421820155052 1.689934812862 -1.482241083883 -0.854274800574 -0.810823153883 0.086749027182 0.649255019084 0.398932396488 -0.539417483779 -0.628480503980 -0.261789743558 1.816124565502 -0.588319869582
-1.335431082340 1.687209443306 2.305559800069 1.437915262051 -1.771798743670 -0.722531464688 -1.384179201942 -0.211036163339 0.444080971393 -0.682319408224 0.246877344101 -1.104288890768 1.964014430454 0.048336743065 -0.922666149804
-1.000210626977 2.245087449170 2.797823248326 0.930019505398 -1.754675195328 -0.195558121145 -1.585136640131 -0.301950377955 0.024425481868 -1.057597653850 0.915621326613 -1.102591962554 2.712976837627 -1.104134624567 -1.523738692025
-0.434876421384 2.294041257041 2.978880346552 0.271199981835 -1.459718218497 0.710961499593 -1.353171695486 -0.124852778896 -0.548056391050 -0.622361277996 1.683044255871 -0.540445925121 2.139260835098 -2.392360249318 -2.601442374107
0.199877574781 2.004689285522 2.881384107348 -0.345504868781 -1.061042932345 1.632753474257 -0.751533510527 0.305138546115 -1.161213119037 -0.102689867980 2.412466277550 0.136165633656 0.999953516641 -3.661302598909 -3.489038674156
0.948017228880 1.116321654467 2.399302228375 -0.720885958541 -0.833860239939 1.768147776906 -0.050547891950 0.798070481244 -1.610384875073 0.110557444245 2.818803451699 0.592125102547 -0.286883712298 -3.899643879874 -3.149087388621
1.922876776781 -0.896698005924 1.473447910411 -0.879574457583 -0.706950578360 0.787117580954 0.317788374619 0.952696636985 -1.635118889343 0.088651643664 2.785584796358 0.793956715877 -1.449639493348 -2.134272894590 -1.419403317899
2.796486274582 -3.267152454661 0.543942625683 -0.984372630313 -0.322879159261 -0.569756503363 0.179720124481 0.523476642981 -1.147637693325 -0.042371783283 2.300469015427 0.804858194100 -1.949976206138 0.766034533447 0.368130578301
2.420128165546 -2.915579781963 -0.178948793475 -1.082845888791 0.361394287512 -1.507849273294 -0.165990432568 -0.200031840982 -0.364633877739 -0.337534448382 1.429584887182 0.620510083581 -0.833860239939 1.324529604117 1.430819016793
0.875666380484 -0.395898494530 -1.333425621723 -1.109379675410 1.083102999127 -1.868523651867 -0.373478473278 -0.784803587935 0.408754011302 -0.820490502496 0.407828414095 0.269091677084 1.427579426566 -0.310846395562 2.523949319002
-0.467272323651 1.281283645694 -2.447176172836 -1.017437019452 1.641083849126 -1.752978267114 -0.315063005063 -1.051324161665 0.980258864946 -1.079554876498 -0.443258218320 0.036252557299 2.878915848128 -1.427785114834 3.183334485303
-1.229501624133 1.832888159373 -3.038015723706 -0.829283675968 1.984891789693 -1.148254758130 -0.022420021251 -0.983498455173 1.268890927525 -0.666378567426 -1.060785822010 0.161876667201 2.747583888779 -1.773598516018 2.755194354708
-1.646123211700 1.883538895457 -3.176289662112 -0.620407239447 2.127022383131 -0.041857562612 0.410245251248 -0.606780391668 1.248424944823 0.174937872242 -1.573669519170 0.414976081420 1.681244483523 -1.830419900153 1.553614913005
-1.879527974224 1.698213765663 -2.970909926153 -0.429734214675 2.083930690909 1.153345542772 0.874175140538 0.019180431025 0.940046808481 0.909193568227 -1.982834907009 0.471540355220 0.526099168403 -1.818747090923 0.405925797612
-1.806302950687 1.075389689063 -2.372459909354 -0.081915352875 1.762851303996 1.518133686712 1.212892296463 0.698517359357 0.472877328964 1.311314132874 -2.215211228191 0.266006353059 -0.635833859574 -1.321907078695 0.115442540618
-0.928888219922 -0.619841596709 -1.277221302393 0.621384258721 0.963289582806 0.785317808606 1.204767609863 1.070041794086 0.105929458206 1.377288644951 -2.222461739651 -0.117088046765 -2.274243761211 0.808509160864 0.503576303017
0.984475474447 -3.522668706033 -0.066694421016 1.422128687454 -0.195969497682 -0.161876667201 0.745311440409 0.888007676586 0.002519681287 1.058574673125 -1.956763918994 -0.619121687769 -4.210336009234 4.786983069587 0.845378782968
1.874385767515 -4.672517548244 0.436161973061 1.898914093517 -1.274650199039 -0.651311901768 0.027870760363 0.320462322108 0.033630031877 0.216589746585 -1.398680224861 -1.223896618821 -4.017451835578 7.025282805901 1.405210827382
0.378003615182 -2.017082003691 0.919992202316 1.913620804705 -1.990702483274 -0.690649783092 -0.639793358740 -0.291665964537 -0.011004322357 -0.903485718780 -0.715023842893 -1.778637878593 -0.748088232032 5.014371450261 1.560042671391
-0.960975589787 0.868158758689 1.757451986951 1.536645630865 -2.303708605654 -0.402994739788 -1.041194014448 -0.727108028659 -0.209390657192 -1.238809018277 -0.105415237535 -1.769896127187 1.704230147513 2.268021691093 0.624880959284
-1.269662258531 2.298206444475 2.376470830587 0.844710296095 -2.177158898544 0.278553337429 -1.086908232091 -0.871552615117 -0.528875960026 -0.375998154566 0.592536479084 -0.898446356205 1.887704082892 0.157865745968 -1.227856117986
-1.071584456099 2.797668982125 2.665462847635 -0.045148574905 -1.583285445716 1.426191030754 -0.804806772033 -0.687615881134 -0.898703466540 0.630588808731 1.405159405314 0.283489855870 1.290642461904 -1.932184170925 -3.476697378054
-0.688541478342 2.818289231028 2.693642140401 -0.796579241299 -0.865124856730 2.548374800870 -0.311669148635 -0.222246173965 -1.226107767705 1.037697313886 2.054208736131 1.170880467650 0.759195398524 -3.785538313000 -5.186943907417
-0.124595668560 2.316049901755 2.433086526453 -1.021190830350 -0.681702343419 2.396268326416 0.186045038733 0.331260956197 -1.368495471479 0.871295504781 2.364232378619 1.600254727856 0.088497377463 -4.329789471086 -5.061731174051
0.838796758380 0.734975604924 1.783317286698 -0.842550569278 -0.878031795570 0.665915768822 0.441047069435 0.638456384995 -1.159053392219 0.307709649469 2.282368447811 1.582719802978 -0.744900063873 -2.777871486295 -2.872642355943
2.337235793397 -2.339549786416 0.921020643658 -0.675326007099 -0.702836812993 -1.287351449610 0.368027734167 0.487635462219 -0.560294843018 -0.581943533263 1.764393966009 1.103054761158 -1.447891143067 0.790100060845 -0.176686222523
3.200458033644 -4.348815635909 0.378106459316 -0.662316224125 -0.026173832149 -2.438228733162 0.148095553221 0.070293965713 0.230165172297 -1.752412624376 0.834580148879 0.172932411625 -0.933310517692 3.469858243131 1.656973267857
1.906781669782 -2.311061961247 -0.522705311975 -0.713686869149 0.838693914246 -2.728506301888 -0.016712171804 -0.267240482669 0.936292997583 -2.749949303865 -0.158842765242 -0.749630894045 1.573412408835 1.898708405249 3.064806620660
0.075898971026 0.316040024338 -1.884618758866 -0.717389257979 1.600511838191 -2.385469692327 -0.064740382467 -0.406234330015 1.399143023465 -2.476743861413 -0.719703250998 -0.693477996782 3.183180219102 -0.790665703583 3.564834801048
-0.977327807122 1.462083633584 -2.748612330120 -0.676508714642 2.130776194028 -1.407730508669 -0.008073264533 -0.353989509851 1.563539371953 -0.833757395805 -0.910427697837 0.245848902760 2.495410071767 -2.328442619924 2.346851719942
-1.475350526893 1.770718880261 -3.020789331230 -0.707104844561 2.405318610224 0.312903278246 0.137091230863 -0.098936057082 1.415700929068 0.911816093648 -1.026847257730 0.979693222208 1.133342358674 -3.050048487405 0.312903278246
-1.773495671884 1.820444019137 -2.926995480857 -0.831340558652 2.466510870062 2.180912709441 0.360571534438 0.351418406496 0.990543278364 2.021298613193 -1.124343496933 1.110253850551 0.223068927039 -3.513824110494 -1.354611513365
-1.941491565068 1.677490672626 -2.543901081033 -0.611356955639 2.259074251419 2.534953641359 0.571196321241 0.859365585216 0.433847980042 2.495204383498 -1.177359648104 0.806298011979 -0.513346495764 -3.618776549425 -1.231404240616
-1.688546417050 0.939275477475 -1.751641293370 0.307709649469 1.491445633892 1.057032011112 0.532424082655 1.107837013397 0.005090784642 2.422442158565 -1.161264541104 0.246723077900 -1.574132317774 -2.377704960197 0.442949685917
-0.347921705934 -1.187644061522 -0.444800880333 1.364278861978 0.247957207510 -0.516380397723 0.093485317970 0.842704835479 -0.154986110211 1.681347327657 -1.040319839308 -0.525842058067 -2.791035535470 1.137558968176 1.642112290467
2.017853334698 -4.419932354695 0.799664565324 1.986588717907 -0.993268647920 -1.267656797915 -0.529390180696 0.199363354110 -0.198694867238 0.023139930191 -0.805320992704 -1.549398303503 -3.498603178635 6.018901530874 2.215828292996
2.494638740760 -4.698948490728 1.103671825963 2.100591440646 -1.931207151650 -1.374820385731 -0.987457954338 -0.452051391792 -0.330849579660 -2.099305888969 -0.542657074006 -2.603447834724 -1.508312071898 7.624709841975 3.205548818286
0.570013613698 -1.245031088395 1.311314132874 1.811239469128 -2.495410071767 -1.103826092164 -1.085108459743 -0.866976051146 -0.608683008150 -2.629827355141 -0.230062328163 -2.758331100800 1.333374199656 4.837530961537 3.159577490307
-0.842190614808 1.612133225354 1.711634925174 1.167692299491 -2.619748629992 -0.423100768020 -0.784906432069 -0.956913246487 -0.993782868591 -0.894229746703 0.406285752082 -1.509031980837 1.353428805821 1.558294321110 1.214229270208
-1.307920276446 2.929360895943 1.943445603618 0.152466428923 -2.072617836149 0.945394703458 -0.200803171988 -0.714355356021 -1.410404456158 0.920403578853 1.149026089137 0.123001584480 0.435647752391 -1.291465214977 -1.601694545734
-1.327717772276 3.385526053103 1.965608514534 -1.029829737621 -0.797299150238 3.003408672554 0.399240928890 -0.287243666767 -1.701093401420 1.723050624068 1.628639708890 1.321804234561 0.234896002469 -3.929674367055 -4.590036552630
-1.103671825963 3.294560416420 1.799926614368 -1.625400118663 0.126498285043 4.179894145517 0.692552399575 0.009307394143 -1.619692269216 1.730095447259 1.774215580823 1.998981436075 0.306166987457 -5.204787364697 -6.359469881214
-0.505633185701 2.398273787033 1.414621065659 -1.235312317715 -0.321747873785 2.493713143553 0.587857070978 -0.033270077408 -1.021396518618 1.203636324387 1.605242668364 2.186671980956 -0.050547891950 -3.649321257277 -5.074432424623
0.891041578544 -0.084486456230 0.854737599178 -0.625189491686 -0.892841350892 -0.482544677577 0.324678931609 -0.281021596649 -0.081709664607 0.148712618026 1.100072281267 1.775295444232 -0.738780837889 0.158020012169 -2.065881545360
3.025314473134 -3.945666629920 0.522911000243 -0.314857316795 -0.716103706302 -2.518807112293 0.171029795143 -0.455856624757 0.832728954463 -1.558757119714 0.231604990176 0.550987448875 -1.322729831768 4.885662016334 0.612231130779
3.372413425995 -4.784771920702 0.312183369306 -0.239318300239 -0.068494193365 -3.351433222622 0.186456415270 -0.391784729162 1.458226978552 -3.526422516931 -0.768965591271 -1.150671595284 0.206613865570 6.014119278634 2.731797314182
1.106859994123 -1.693894312028 -0.805526680972 -0.227645491010 0.688027257671 -3.383469170419 0.289609081854 -0.123618649286 1.727215811502 -3.944689610645 -1.312702528686 -1.578400349342 2.775608915343 2.442445342664 4.039974700964
-0.811594484889 0.677485733917 -1.943754136020 -0.214275753566 1.368444049412 -2.752211874817 0.400989279172 0.220446401617 1.671268602508 -1.928481782094 -1.249659074433 -0.155500330882 2.553362741378 -1.016614266379 3.180557693680
-1.665612175128 1.567344604918 -2.432623727849 -0.315731491936 1.918763011414 -1.134062267613 0.486247066408 0.586160142764 1.334814017535 0.544405424287 -0.967609036442 1.176331206762 0.950588332235 -3.104555878521 1.055643615300
-1.996718865123 1.814427637288 -2.455557969772 -0.747162634825 2.327517022716 1.720582364847 0.521882558901 0.938709834737 0.833705973738 2.151396442932 -0.685250466048 1.578503193476 0.070499653981 -4.395661139028 -1.677233562290
-2.130621927827 1.833299535910 -2.210480398018 -1.229347357932 2.539838737733 4.122507118644 0.429271416071 1.170160558711 0.366279383885 2.929258051809 -0.446394964412 1.357542571189 0.000771331006 -5.096492491405 -3.633020462010
-2.018161867100 1.543021967184 -1.714463138864 -0.669721001786 2.192225564201 3.138288754532 0.089525818805 1.130051346380 0.084949254833 3.096122659518 -0.248471428181 0.805115304436 -0.497508499100 -4.616930293719 -2.313581642535
-1.230427221341 0.408291212698 -0.821210411435 0.690804049294 1.077960792418 0.372707142272 -0.512420898557 0.748910985106 -0.010901478223 2.570074913182 -0.088805909865 0.000565642738 -1.517979420511 -2.146099970021 0.459044792917
0.806812232650 -2.285762304239 0.458324883977 1.669777362562 -0.239369722306 -1.393846550555 -1.157356464005 0.141256418298 -0.070962452585 0.910170587502 -0.032190213999 -1.126863178221 -2.229403718708 2.416168666380 2.133347297383
2.995232563886 -5.046613086327 1.376414469811 2.019138886375 -1.312291152149 -2.009265849493 -1.556545970829 -0.458839104648 -0.235718755543 -2.009728648097 -0.209904877863 -2.533513823481 -1.448148253402 7.027493954786 3.402135380773
2.448101770044 -3.622324672055 1.422282953656 1.932595547462 -2.047215335006 -2.012402595586 -1.536594208798 -0.822958761716 -0.549136254459 -4.016371972169 -0.349721478282 -3.355546987989 1.172011753126 6.841911714657 4.494751462312
0.528104629019 0.084640722431 1.351988987943 1.534177371644 -2.446764796299 -1.608276570322 -1.031423821701 -0.815811094390 -1.001084802117 -2.490576397460 0.279838889106 -2.490524975393 1.459615374363 2.897993435018 3.748000204024
-0.627606328839 2.464402565311 1.318718910535 0.790460015315 -2.380018953216 -0.602460938032 -0.149483949032 -0.432408162164 -1.553717757139 0.249808401926 1.211761010987 -0.755493009693 -0.263383827637 -0.863839305053 1.592592839859
-1.083411531529 3.480811143422 1.206567382211 -0.362474150921 -1.473602176612 1.453547570447 0.715332375296 0.058209779946 -2.028600546719 1.839881560497 1.692557338283 0.671366507933 -1.109533941611 -3.758078929174 -1.302983758006
-1.190112320742 3.733036382501 1.001599022788 -1.565441988436 0.208722170320 4.238412457866 1.048855902445 0.121407500401 -2.039347758741 2.329471061266 1.715183047803 1.598660643776 -0.623235453137 -5.778554789293 -4.799632898091
-1.007409716370 3.316106262531 0.694712126392 -1.794578719391 0.860959669296 4.822772828282 0.779095738488 -0.407519881692 -1.324992402720 2.154687455225 1.420791713710 2.106762088697 -0.131691913819 -5.190389185912 -6.299254640651
-0.257933088526 1.746036288057 0.325655950884 -1.067316424530 -0.119864838388 1.849188954641 0.371987233333 -1.035743275336 -0.157968590102 1.424185570138 0.855766040520 2.140340698507 -0.470769024213 -1.446554169322 -4.157319858064
1.565287722234 -1.656767579588 0.151643675850 -0.435802018592 -0.800744428733 -1.300155544316 0.200957438190 -1.285397411061 0.946834521337 -0.063866207326 0.027665072095 1.443366001163 -1.266319824170 3.715192925220 -1.241534387833
3.562777918364 -5.040750970679 0.357846164883 -0.148815462160 -0.708647506574 -2.964019369162 0.297785190521 -1.055540771166 1.666280662000 -2.465328162519 -0.931819277747 -0.224148790447 -1.246316640072 7.736449993763 1.164195598928
2.554031228250 -3.949111908415 -0.046794081052 -0.029156312040 -0.256081894111 -3.540049364710 0.534840919808 -0.467118057450 1.919842874823 -4.568593550654 -1.626685670340 -1.854793959954 1.508826292569 6.298843264114 3.521948797094
-0.171389749613 -0.859365585216 -1.090816309190 0.053376105640 0.284466875145 -3.447283955679 0.787940334027 0.267086216468 1.752309780242 -3.822047980634 -1.815456078629 -1.275061575576 3.152018446445 2.123217150166 4.061109170538
-1.853199875874 0.867901648353 -1.690911832136 0.074613419348 0.850726677945 -2.575834184696 0.963700959343 0.962723940068 1.251818801251 -0.999439295971 -1.618612405807 0.570836366771 1.814427637288 -1.062637016425 2.444296537079
-2.505797329319 1.487074758190 -1.769896127187 -0.172521035089 1.507077942288 -0.325861639152 0.968637477783 1.458432666820 0.633057067951 1.357748259457 -1.195511637787 1.625605806931 0.351778360966 -3.257022307444 -0.162596576140
-2.677701299603 1.652499548020 -1.566470429777 -0.860496870692 2.242413501682 3.284533113337 0.669463891451 1.589198983431 0.237569949958 2.675644416919 -0.710910077526 1.779203521331 0.192369952985 -4.773407643875 -3.733961979708
-2.555831000598 1.549655413839 -1.194380352311 -1.196334390860 2.502249206690 4.935232889009 0.033424343609 1.339596269774 0.165733322233 3.248897620844 -0.252019550810 1.447376922396 0.469894849073 -5.139481339492 -5.353859937192
-1.938560507244 0.936292997583 -0.628120549510 -0.205276891825 1.615835614184 2.327414178582 -0.757138515840 0.851035210347 0.208876436522 3.213056440082 0.164807725025 0.821981742441 -0.312131947239 -3.568022969207 -2.730408918370
-0.363656858464 -0.786963314753 0.201060282324 1.008489579779 0.231707834310 -0.669926690055 -1.456890004807 0.261275522887 0.184965175324 2.307513838618 0.500850933461 -0.103564043120 -1.495507977192 -0.206768131771 0.387619541728
1.982372108405 -3.562315119760 1.080634739906 1.600511838191 -0.880705743059 -2.080948211018 -1.878602377017 -0.323341957865 0.024116949465 -0.034864161487 0.549393364795 -1.428042225170 -1.669725940495 4.216866611755 2.404444435084
